'E:/newtacotron/tacotron/our_code/mel_output/nepali-mel-00001.npy',
'E:/newtacotron/tacotron/our_code/mel_output/nepali-mel-00002.npy',
'E:/newtacotron/tacotron/our_code/mel_output/nepali-mel-00003.npy',
'E:/newtacotron/tacotron/our_code/mel_output/nepali-mel-00004.npy',
'E:/newtacotron/tacotron/our_code/mel_output/nepali-mel-00005.npy',
'E:/newtacotron/tacotron/our_code/mel_output/nepali-mel-00006.npy',
'E:/newtacotron/tacotron/our_code/mel_output/nepali-mel-00007.npy',
'E:/newtacotron/tacotron/our_code/mel_output/nepali-mel-00008.npy',
'E:/newtacotron/tacotron/our_code/mel_output/nepali-mel-00009.npy',
'E:/newtacotron/tacotron/our_code/mel_output/nepali-mel-00010.npy',
'E:/newtacotron/tacotron/our_code/mel_output/nepali-mel-00011.npy',
'E:/newtacotron/tacotron/our_code/mel_output/nepali-mel-00012.npy',
'E:/newtacotron/tacotron/our_code/mel_output/nepali-mel-00013.npy',
'E:/newtacotron/tacotron/our_code/mel_output/nepali-mel-00014.npy',
'E:/newtacotron/tacotron/our_code/mel_output/nepali-mel-00015.npy',
'E:/newtacotron/tacotron/our_code/mel_output/nepali-mel-00016.npy',
'E:/newtacotron/tacotron/our_code/mel_output/nepali-mel-00017.npy',
'E:/newtacotron/tacotron/our_code/mel_output/nepali-mel-00018.npy',
'E:/newtacotron/tacotron/our_code/mel_output/nepali-mel-00019.npy',
'E:/newtacotron/tacotron/our_code/mel_output/nepali-mel-00020.npy',
'E:/newtacotron/tacotron/our_code/mel_output/nepali-mel-00021.npy',
'E:/newtacotron/tacotron/our_code/mel_output/nepali-mel-00022.npy',
'E:/newtacotron/tacotron/our_code/mel_output/nepali-mel-00023.npy',
'E:/newtacotron/tacotron/our_code/mel_output/nepali-mel-00024.npy',
'E:/newtacotron/tacotron/our_code/mel_output/nepali-mel-00025.npy',
'E:/newtacotron/tacotron/our_code/mel_output/nepali-mel-00026.npy',
'E:/newtacotron/tacotron/our_code/mel_output/nepali-mel-00027.npy',
'E:/newtacotron/tacotron/our_code/mel_output/nepali-mel-00028.npy',
'E:/newtacotron/tacotron/our_code/mel_output/nepali-mel-00029.npy',
'E:/newtacotron/tacotron/our_code/mel_output/nepali-mel-00030.npy',
'E:/newtacotron/tacotron/our_code/mel_output/nepali-mel-00031.npy',
'E:/newtacotron/tacotron/our_code/mel_output/nepali-mel-00032.npy',
'E:/newtacotron/tacotron/our_code/mel_output/nepali-mel-00033.npy',
'E:/newtacotron/tacotron/our_code/mel_output/nepali-mel-00034.npy',
'E:/newtacotron/tacotron/our_code/mel_output/nepali-mel-00035.npy',
'E:/newtacotron/tacotron/our_code/mel_output/nepali-mel-00036.npy',
'E:/newtacotron/tacotron/our_code/mel_output/nepali-mel-00037.npy',
'E:/newtacotron/tacotron/our_code/mel_output/nepali-mel-00038.npy',
'E:/newtacotron/tacotron/our_code/mel_output/nepali-mel-00039.npy',
'E:/newtacotron/tacotron/our_code/mel_output/nepali-mel-00040.npy',
'E:/newtacotron/tacotron/our_code/mel_output/nepali-mel-00041.npy',
'E:/newtacotron/tacotron/our_code/mel_output/nepali-mel-00042.npy',
'E:/newtacotron/tacotron/our_code/mel_output/nepali-mel-00043.npy',
'E:/newtacotron/tacotron/our_code/mel_output/nepali-mel-00044.npy',
'E:/newtacotron/tacotron/our_code/mel_output/nepali-mel-00045.npy',
'E:/newtacotron/tacotron/our_code/mel_output/nepali-mel-00046.npy',
'E:/newtacotron/tacotron/our_code/mel_output/nepali-mel-00047.npy',
'E:/newtacotron/tacotron/our_code/mel_output/nepali-mel-00048.npy',
'E:/newtacotron/tacotron/our_code/mel_output/nepali-mel-00049.npy',
'E:/newtacotron/tacotron/our_code/mel_output/nepali-mel-00050.npy',
'E:/newtacotron/tacotron/our_code/mel_output/nepali-mel-00051.npy',
'E:/newtacotron/tacotron/our_code/mel_output/nepali-mel-00052.npy',
'E:/newtacotron/tacotron/our_code/mel_output/nepali-mel-00053.npy',
'E:/newtacotron/tacotron/our_code/mel_output/nepali-mel-00054.npy',
'E:/newtacotron/tacotron/our_code/mel_output/nepali-mel-00055.npy',
'E:/newtacotron/tacotron/our_code/mel_output/nepali-mel-00056.npy',
'E:/newtacotron/tacotron/our_code/mel_output/nepali-mel-00057.npy',
'E:/newtacotron/tacotron/our_code/mel_output/nepali-mel-00058.npy',
'E:/newtacotron/tacotron/our_code/mel_output/nepali-mel-00059.npy',
'E:/newtacotron/tacotron/our_code/mel_output/nepali-mel-00060.npy',
'E:/newtacotron/tacotron/our_code/mel_output/nepali-mel-00061.npy',
'E:/newtacotron/tacotron/our_code/mel_output/nepali-mel-00062.npy',
'E:/newtacotron/tacotron/our_code/mel_output/nepali-mel-00063.npy',
'E:/newtacotron/tacotron/our_code/mel_output/nepali-mel-00064.npy',
'E:/newtacotron/tacotron/our_code/mel_output/nepali-mel-00065.npy',
'E:/newtacotron/tacotron/our_code/mel_output/nepali-mel-00066.npy',
'E:/newtacotron/tacotron/our_code/mel_output/nepali-mel-00067.npy',
'E:/newtacotron/tacotron/our_code/mel_output/nepali-mel-00068.npy',
'E:/newtacotron/tacotron/our_code/mel_output/nepali-mel-00069.npy',
'E:/newtacotron/tacotron/our_code/mel_output/nepali-mel-00070.npy',
'E:/newtacotron/tacotron/our_code/mel_output/nepali-mel-00071.npy',
'E:/newtacotron/tacotron/our_code/mel_output/nepali-mel-00072.npy',
'E:/newtacotron/tacotron/our_code/mel_output/nepali-mel-00073.npy',
'E:/newtacotron/tacotron/our_code/mel_output/nepali-mel-00074.npy',
'E:/newtacotron/tacotron/our_code/mel_output/nepali-mel-00075.npy',
'E:/newtacotron/tacotron/our_code/mel_output/nepali-mel-00076.npy',
'E:/newtacotron/tacotron/our_code/mel_output/nepali-mel-00077.npy',
'E:/newtacotron/tacotron/our_code/mel_output/nepali-mel-00078.npy',
'E:/newtacotron/tacotron/our_code/mel_output/nepali-mel-00079.npy',
'E:/newtacotron/tacotron/our_code/mel_output/nepali-mel-00080.npy',
'E:/newtacotron/tacotron/our_code/mel_output/nepali-mel-00081.npy',
'E:/newtacotron/tacotron/our_code/mel_output/nepali-mel-00082.npy',
'E:/newtacotron/tacotron/our_code/mel_output/nepali-mel-00083.npy',
'E:/newtacotron/tacotron/our_code/mel_output/nepali-mel-00084.npy',
'E:/newtacotron/tacotron/our_code/mel_output/nepali-mel-00085.npy',
'E:/newtacotron/tacotron/our_code/mel_output/nepali-mel-00086.npy',
'E:/newtacotron/tacotron/our_code/mel_output/nepali-mel-00087.npy',
'E:/newtacotron/tacotron/our_code/mel_output/nepali-mel-00088.npy',
'E:/newtacotron/tacotron/our_code/mel_output/nepali-mel-00089.npy',
'E:/newtacotron/tacotron/our_code/mel_output/nepali-mel-00090.npy',
'E:/newtacotron/tacotron/our_code/mel_output/nepali-mel-00091.npy',
'E:/newtacotron/tacotron/our_code/mel_output/nepali-mel-00092.npy',
'E:/newtacotron/tacotron/our_code/mel_output/nepali-mel-00093.npy',
'E:/newtacotron/tacotron/our_code/mel_output/nepali-mel-00094.npy',
'E:/newtacotron/tacotron/our_code/mel_output/nepali-mel-00095.npy',
'E:/newtacotron/tacotron/our_code/mel_output/nepali-mel-00096.npy',
'E:/newtacotron/tacotron/our_code/mel_output/nepali-mel-00097.npy',
'E:/newtacotron/tacotron/our_code/mel_output/nepali-mel-00098.npy',
'E:/newtacotron/tacotron/our_code/mel_output/nepali-mel-00099.npy',
'E:/newtacotron/tacotron/our_code/mel_output/nepali-mel-00100.npy',
'E:/newtacotron/tacotron/our_code/mel_output/nepali-mel-00101.npy',
'E:/newtacotron/tacotron/our_code/mel_output/nepali-mel-00102.npy',
'E:/newtacotron/tacotron/our_code/mel_output/nepali-mel-00103.npy',
'E:/newtacotron/tacotron/our_code/mel_output/nepali-mel-00104.npy',
'E:/newtacotron/tacotron/our_code/mel_output/nepali-mel-00105.npy',
'E:/newtacotron/tacotron/our_code/mel_output/nepali-mel-00106.npy',
'E:/newtacotron/tacotron/our_code/mel_output/nepali-mel-00107.npy',
'E:/newtacotron/tacotron/our_code/mel_output/nepali-mel-00108.npy',
'E:/newtacotron/tacotron/our_code/mel_output/nepali-mel-00109.npy',
'E:/newtacotron/tacotron/our_code/mel_output/nepali-mel-00110.npy',
'E:/newtacotron/tacotron/our_code/mel_output/nepali-mel-00111.npy',
'E:/newtacotron/tacotron/our_code/mel_output/nepali-mel-00112.npy',
'E:/newtacotron/tacotron/our_code/mel_output/nepali-mel-00113.npy',
'E:/newtacotron/tacotron/our_code/mel_output/nepali-mel-00114.npy',
'E:/newtacotron/tacotron/our_code/mel_output/nepali-mel-00115.npy',
'E:/newtacotron/tacotron/our_code/mel_output/nepali-mel-00116.npy',
'E:/newtacotron/tacotron/our_code/mel_output/nepali-mel-00117.npy',
'E:/newtacotron/tacotron/our_code/mel_output/nepali-mel-00118.npy',
'E:/newtacotron/tacotron/our_code/mel_output/nepali-mel-00119.npy',
'E:/newtacotron/tacotron/our_code/mel_output/nepali-mel-00120.npy',
'E:/newtacotron/tacotron/our_code/mel_output/nepali-mel-00121.npy',
'E:/newtacotron/tacotron/our_code/mel_output/nepali-mel-00122.npy',
'E:/newtacotron/tacotron/our_code/mel_output/nepali-mel-00123.npy',
'E:/newtacotron/tacotron/our_code/mel_output/nepali-mel-00124.npy',
'E:/newtacotron/tacotron/our_code/mel_output/nepali-mel-00125.npy',
'E:/newtacotron/tacotron/our_code/mel_output/nepali-mel-00126.npy',
'E:/newtacotron/tacotron/our_code/mel_output/nepali-mel-00127.npy',
'E:/newtacotron/tacotron/our_code/mel_output/nepali-mel-00128.npy',
'E:/newtacotron/tacotron/our_code/mel_output/nepali-mel-00129.npy',
'E:/newtacotron/tacotron/our_code/mel_output/nepali-mel-00130.npy',
'E:/newtacotron/tacotron/our_code/mel_output/nepali-mel-00131.npy',
'E:/newtacotron/tacotron/our_code/mel_output/nepali-mel-00132.npy',
'E:/newtacotron/tacotron/our_code/mel_output/nepali-mel-00133.npy',
'E:/newtacotron/tacotron/our_code/mel_output/nepali-mel-00134.npy',
'E:/newtacotron/tacotron/our_code/mel_output/nepali-mel-00135.npy',
'E:/newtacotron/tacotron/our_code/mel_output/nepali-mel-00136.npy',
'E:/newtacotron/tacotron/our_code/mel_output/nepali-mel-00137.npy',
'E:/newtacotron/tacotron/our_code/mel_output/nepali-mel-00138.npy',
'E:/newtacotron/tacotron/our_code/mel_output/nepali-mel-00139.npy',
'E:/newtacotron/tacotron/our_code/mel_output/nepali-mel-00140.npy',
'E:/newtacotron/tacotron/our_code/mel_output/nepali-mel-00141.npy',
'E:/newtacotron/tacotron/our_code/mel_output/nepali-mel-00142.npy',
'E:/newtacotron/tacotron/our_code/mel_output/nepali-mel-00143.npy',
'E:/newtacotron/tacotron/our_code/mel_output/nepali-mel-00144.npy',
'E:/newtacotron/tacotron/our_code/mel_output/nepali-mel-00145.npy',
'E:/newtacotron/tacotron/our_code/mel_output/nepali-mel-00146.npy',
'E:/newtacotron/tacotron/our_code/mel_output/nepali-mel-00147.npy',
'E:/newtacotron/tacotron/our_code/mel_output/nepali-mel-00148.npy',
'E:/newtacotron/tacotron/our_code/mel_output/nepali-mel-00149.npy',
'E:/newtacotron/tacotron/our_code/mel_output/nepali-mel-00150.npy',
'E:/newtacotron/tacotron/our_code/mel_output/nepali-mel-00151.npy',
'E:/newtacotron/tacotron/our_code/mel_output/nepali-mel-00152.npy',
'E:/newtacotron/tacotron/our_code/mel_output/nepali-mel-00153.npy',
'E:/newtacotron/tacotron/our_code/mel_output/nepali-mel-00154.npy',
'E:/newtacotron/tacotron/our_code/mel_output/nepali-mel-00155.npy',
'E:/newtacotron/tacotron/our_code/mel_output/nepali-mel-00156.npy',
'E:/newtacotron/tacotron/our_code/mel_output/nepali-mel-00157.npy',
'E:/newtacotron/tacotron/our_code/mel_output/nepali-mel-00158.npy',
'E:/newtacotron/tacotron/our_code/mel_output/nepali-mel-00159.npy',
'E:/newtacotron/tacotron/our_code/mel_output/nepali-mel-00160.npy',
'E:/newtacotron/tacotron/our_code/mel_output/nepali-mel-00161.npy',
'E:/newtacotron/tacotron/our_code/mel_output/nepali-mel-00162.npy',
'E:/newtacotron/tacotron/our_code/mel_output/nepali-mel-00163.npy',
'E:/newtacotron/tacotron/our_code/mel_output/nepali-mel-00164.npy',
'E:/newtacotron/tacotron/our_code/mel_output/nepali-mel-00165.npy',
'E:/newtacotron/tacotron/our_code/mel_output/nepali-mel-00166.npy',
'E:/newtacotron/tacotron/our_code/mel_output/nepali-mel-00167.npy',
'E:/newtacotron/tacotron/our_code/mel_output/nepali-mel-00168.npy',
'E:/newtacotron/tacotron/our_code/mel_output/nepali-mel-00169.npy',
'E:/newtacotron/tacotron/our_code/mel_output/nepali-mel-00170.npy',
'E:/newtacotron/tacotron/our_code/mel_output/nepali-mel-00171.npy',
'E:/newtacotron/tacotron/our_code/mel_output/nepali-mel-00172.npy',
'E:/newtacotron/tacotron/our_code/mel_output/nepali-mel-00173.npy',
'E:/newtacotron/tacotron/our_code/mel_output/nepali-mel-00174.npy',
'E:/newtacotron/tacotron/our_code/mel_output/nepali-mel-00175.npy',
'E:/newtacotron/tacotron/our_code/mel_output/nepali-mel-00176.npy',
'E:/newtacotron/tacotron/our_code/mel_output/nepali-mel-00177.npy',
'E:/newtacotron/tacotron/our_code/mel_output/nepali-mel-00178.npy',
'E:/newtacotron/tacotron/our_code/mel_output/nepali-mel-00179.npy',
'E:/newtacotron/tacotron/our_code/mel_output/nepali-mel-00180.npy',
'E:/newtacotron/tacotron/our_code/mel_output/nepali-mel-00181.npy',
'E:/newtacotron/tacotron/our_code/mel_output/nepali-mel-00182.npy',
'E:/newtacotron/tacotron/our_code/mel_output/nepali-mel-00183.npy',
'E:/newtacotron/tacotron/our_code/mel_output/nepali-mel-00184.npy',
'E:/newtacotron/tacotron/our_code/mel_output/nepali-mel-00185.npy',
'E:/newtacotron/tacotron/our_code/mel_output/nepali-mel-00186.npy',
'E:/newtacotron/tacotron/our_code/mel_output/nepali-mel-00187.npy',
'E:/newtacotron/tacotron/our_code/mel_output/nepali-mel-00188.npy',
'E:/newtacotron/tacotron/our_code/mel_output/nepali-mel-00189.npy',
'E:/newtacotron/tacotron/our_code/mel_output/nepali-mel-00190.npy',
'E:/newtacotron/tacotron/our_code/mel_output/nepali-mel-00191.npy',
'E:/newtacotron/tacotron/our_code/mel_output/nepali-mel-00192.npy',
'E:/newtacotron/tacotron/our_code/mel_output/nepali-mel-00193.npy',
'E:/newtacotron/tacotron/our_code/mel_output/nepali-mel-00194.npy',
'E:/newtacotron/tacotron/our_code/mel_output/nepali-mel-00195.npy',
'E:/newtacotron/tacotron/our_code/mel_output/nepali-mel-00196.npy',
'E:/newtacotron/tacotron/our_code/mel_output/nepali-mel-00197.npy',
'E:/newtacotron/tacotron/our_code/mel_output/nepali-mel-00198.npy',
'E:/newtacotron/tacotron/our_code/mel_output/nepali-mel-00199.npy',
'E:/newtacotron/tacotron/our_code/mel_output/nepali-mel-00200.npy',
'E:/newtacotron/tacotron/our_code/mel_output/nepali-mel-00201.npy',
'E:/newtacotron/tacotron/our_code/mel_output/nepali-mel-00202.npy',
'E:/newtacotron/tacotron/our_code/mel_output/nepali-mel-00203.npy',
'E:/newtacotron/tacotron/our_code/mel_output/nepali-mel-00204.npy',
'E:/newtacotron/tacotron/our_code/mel_output/nepali-mel-00205.npy',
'E:/newtacotron/tacotron/our_code/mel_output/nepali-mel-00206.npy',
'E:/newtacotron/tacotron/our_code/mel_output/nepali-mel-00207.npy',
'E:/newtacotron/tacotron/our_code/mel_output/nepali-mel-00208.npy',
'E:/newtacotron/tacotron/our_code/mel_output/nepali-mel-00209.npy',
'E:/newtacotron/tacotron/our_code/mel_output/nepali-mel-00210.npy',
'E:/newtacotron/tacotron/our_code/mel_output/nepali-mel-00211.npy',
'E:/newtacotron/tacotron/our_code/mel_output/nepali-mel-00212.npy',
'E:/newtacotron/tacotron/our_code/mel_output/nepali-mel-00213.npy',
'E:/newtacotron/tacotron/our_code/mel_output/nepali-mel-00214.npy',
'E:/newtacotron/tacotron/our_code/mel_output/nepali-mel-00215.npy',
'E:/newtacotron/tacotron/our_code/mel_output/nepali-mel-00216.npy',
'E:/newtacotron/tacotron/our_code/mel_output/nepali-mel-00217.npy',
'E:/newtacotron/tacotron/our_code/mel_output/nepali-mel-00218.npy',
'E:/newtacotron/tacotron/our_code/mel_output/nepali-mel-00219.npy',
'E:/newtacotron/tacotron/our_code/mel_output/nepali-mel-00220.npy',
'E:/newtacotron/tacotron/our_code/mel_output/nepali-mel-00221.npy',
'E:/newtacotron/tacotron/our_code/mel_output/nepali-mel-00222.npy',
'E:/newtacotron/tacotron/our_code/mel_output/nepali-mel-00223.npy',
'E:/newtacotron/tacotron/our_code/mel_output/nepali-mel-00224.npy',
'E:/newtacotron/tacotron/our_code/mel_output/nepali-mel-00225.npy',
'E:/newtacotron/tacotron/our_code/mel_output/nepali-mel-00226.npy',
'E:/newtacotron/tacotron/our_code/mel_output/nepali-mel-00227.npy',
'E:/newtacotron/tacotron/our_code/mel_output/nepali-mel-00228.npy',
'E:/newtacotron/tacotron/our_code/mel_output/nepali-mel-00229.npy',
'E:/newtacotron/tacotron/our_code/mel_output/nepali-mel-00230.npy',
'E:/newtacotron/tacotron/our_code/mel_output/nepali-mel-00231.npy',
'E:/newtacotron/tacotron/our_code/mel_output/nepali-mel-00232.npy',
'E:/newtacotron/tacotron/our_code/mel_output/nepali-mel-00233.npy',
'E:/newtacotron/tacotron/our_code/mel_output/nepali-mel-00234.npy',
'E:/newtacotron/tacotron/our_code/mel_output/nepali-mel-00235.npy',
'E:/newtacotron/tacotron/our_code/mel_output/nepali-mel-00236.npy',
'E:/newtacotron/tacotron/our_code/mel_output/nepali-mel-00237.npy',
'E:/newtacotron/tacotron/our_code/mel_output/nepali-mel-00238.npy',
'E:/newtacotron/tacotron/our_code/mel_output/nepali-mel-00239.npy',
'E:/newtacotron/tacotron/our_code/mel_output/nepali-mel-00240.npy',
'E:/newtacotron/tacotron/our_code/mel_output/nepali-mel-00241.npy',
'E:/newtacotron/tacotron/our_code/mel_output/nepali-mel-00242.npy',
'E:/newtacotron/tacotron/our_code/mel_output/nepali-mel-00243.npy',
'E:/newtacotron/tacotron/our_code/mel_output/nepali-mel-00244.npy',
'E:/newtacotron/tacotron/our_code/mel_output/nepali-mel-00245.npy',
'E:/newtacotron/tacotron/our_code/mel_output/nepali-mel-00246.npy',
'E:/newtacotron/tacotron/our_code/mel_output/nepali-mel-00247.npy',
'E:/newtacotron/tacotron/our_code/mel_output/nepali-mel-00248.npy',
'E:/newtacotron/tacotron/our_code/mel_output/nepali-mel-00249.npy',
'E:/newtacotron/tacotron/our_code/mel_output/nepali-mel-00250.npy',
'E:/newtacotron/tacotron/our_code/mel_output/nepali-mel-00251.npy',
'E:/newtacotron/tacotron/our_code/mel_output/nepali-mel-00252.npy',
'E:/newtacotron/tacotron/our_code/mel_output/nepali-mel-00253.npy',
'E:/newtacotron/tacotron/our_code/mel_output/nepali-mel-00254.npy',
'E:/newtacotron/tacotron/our_code/mel_output/nepali-mel-00255.npy',
'E:/newtacotron/tacotron/our_code/mel_output/nepali-mel-00256.npy',
'E:/newtacotron/tacotron/our_code/mel_output/nepali-mel-00257.npy',
'E:/newtacotron/tacotron/our_code/mel_output/nepali-mel-00258.npy',
'E:/newtacotron/tacotron/our_code/mel_output/nepali-mel-00259.npy',
'E:/newtacotron/tacotron/our_code/mel_output/nepali-mel-00260.npy',
'E:/newtacotron/tacotron/our_code/mel_output/nepali-mel-00261.npy',
'E:/newtacotron/tacotron/our_code/mel_output/nepali-mel-00262.npy',
'E:/newtacotron/tacotron/our_code/mel_output/nepali-mel-00263.npy',
'E:/newtacotron/tacotron/our_code/mel_output/nepali-mel-00264.npy',
'E:/newtacotron/tacotron/our_code/mel_output/nepali-mel-00265.npy',
'E:/newtacotron/tacotron/our_code/mel_output/nepali-mel-00266.npy',
'E:/newtacotron/tacotron/our_code/mel_output/nepali-mel-00267.npy',
'E:/newtacotron/tacotron/our_code/mel_output/nepali-mel-00268.npy',
'E:/newtacotron/tacotron/our_code/mel_output/nepali-mel-00269.npy',
'E:/newtacotron/tacotron/our_code/mel_output/nepali-mel-00270.npy',
'E:/newtacotron/tacotron/our_code/mel_output/nepali-mel-00271.npy',
'E:/newtacotron/tacotron/our_code/mel_output/nepali-mel-00272.npy',
'E:/newtacotron/tacotron/our_code/mel_output/nepali-mel-00273.npy',
'E:/newtacotron/tacotron/our_code/mel_output/nepali-mel-00274.npy',
'E:/newtacotron/tacotron/our_code/mel_output/nepali-mel-00275.npy',
'E:/newtacotron/tacotron/our_code/mel_output/nepali-mel-00276.npy',
'E:/newtacotron/tacotron/our_code/mel_output/nepali-mel-00277.npy',
'E:/newtacotron/tacotron/our_code/mel_output/nepali-mel-00278.npy',
'E:/newtacotron/tacotron/our_code/mel_output/nepali-mel-00279.npy',
'E:/newtacotron/tacotron/our_code/mel_output/nepali-mel-00280.npy',
'E:/newtacotron/tacotron/our_code/mel_output/nepali-mel-00281.npy',
'E:/newtacotron/tacotron/our_code/mel_output/nepali-mel-00282.npy',
'E:/newtacotron/tacotron/our_code/mel_output/nepali-mel-00283.npy',
'E:/newtacotron/tacotron/our_code/mel_output/nepali-mel-00284.npy',
'E:/newtacotron/tacotron/our_code/mel_output/nepali-mel-00285.npy',
'E:/newtacotron/tacotron/our_code/mel_output/nepali-mel-00286.npy',
'E:/newtacotron/tacotron/our_code/mel_output/nepali-mel-00287.npy',
'E:/newtacotron/tacotron/our_code/mel_output/nepali-mel-00288.npy',
'E:/newtacotron/tacotron/our_code/mel_output/nepali-mel-00289.npy',
'E:/newtacotron/tacotron/our_code/mel_output/nepali-mel-00290.npy',
'E:/newtacotron/tacotron/our_code/mel_output/nepali-mel-00291.npy',
'E:/newtacotron/tacotron/our_code/mel_output/nepali-mel-00292.npy',
'E:/newtacotron/tacotron/our_code/mel_output/nepali-mel-00293.npy',
'E:/newtacotron/tacotron/our_code/mel_output/nepali-mel-00294.npy',
'E:/newtacotron/tacotron/our_code/mel_output/nepali-mel-00295.npy',
'E:/newtacotron/tacotron/our_code/mel_output/nepali-mel-00296.npy',
'E:/newtacotron/tacotron/our_code/mel_output/nepali-mel-00297.npy',
'E:/newtacotron/tacotron/our_code/mel_output/nepali-mel-00298.npy',
'E:/newtacotron/tacotron/our_code/mel_output/nepali-mel-00299.npy',
'E:/newtacotron/tacotron/our_code/mel_output/nepali-mel-00300.npy',
'E:/newtacotron/tacotron/our_code/mel_output/nepali-mel-00301.npy',
'E:/newtacotron/tacotron/our_code/mel_output/nepali-mel-00302.npy',
'E:/newtacotron/tacotron/our_code/mel_output/nepali-mel-00303.npy',
'E:/newtacotron/tacotron/our_code/mel_output/nepali-mel-00304.npy',
'E:/newtacotron/tacotron/our_code/mel_output/nepali-mel-00305.npy',
'E:/newtacotron/tacotron/our_code/mel_output/nepali-mel-00306.npy',
'E:/newtacotron/tacotron/our_code/mel_output/nepali-mel-00307.npy',
'E:/newtacotron/tacotron/our_code/mel_output/nepali-mel-00308.npy',
'E:/newtacotron/tacotron/our_code/mel_output/nepali-mel-00309.npy',
'E:/newtacotron/tacotron/our_code/mel_output/nepali-mel-00310.npy',
'E:/newtacotron/tacotron/our_code/mel_output/nepali-mel-00311.npy',
'E:/newtacotron/tacotron/our_code/mel_output/nepali-mel-00312.npy',
'E:/newtacotron/tacotron/our_code/mel_output/nepali-mel-00313.npy',
'E:/newtacotron/tacotron/our_code/mel_output/nepali-mel-00314.npy',
'E:/newtacotron/tacotron/our_code/mel_output/nepali-mel-00315.npy',
'E:/newtacotron/tacotron/our_code/mel_output/nepali-mel-00316.npy',
'E:/newtacotron/tacotron/our_code/mel_output/nepali-mel-00317.npy',
'E:/newtacotron/tacotron/our_code/mel_output/nepali-mel-00318.npy',
'E:/newtacotron/tacotron/our_code/mel_output/nepali-mel-00319.npy',
'E:/newtacotron/tacotron/our_code/mel_output/nepali-mel-00320.npy',
'E:/newtacotron/tacotron/our_code/mel_output/nepali-mel-00321.npy',
'E:/newtacotron/tacotron/our_code/mel_output/nepali-mel-00322.npy',
'E:/newtacotron/tacotron/our_code/mel_output/nepali-mel-00323.npy',
'E:/newtacotron/tacotron/our_code/mel_output/nepali-mel-00324.npy',
'E:/newtacotron/tacotron/our_code/mel_output/nepali-mel-00325.npy',
'E:/newtacotron/tacotron/our_code/mel_output/nepali-mel-00326.npy',
'E:/newtacotron/tacotron/our_code/mel_output/nepali-mel-00327.npy',
'E:/newtacotron/tacotron/our_code/mel_output/nepali-mel-00328.npy',
'E:/newtacotron/tacotron/our_code/mel_output/nepali-mel-00329.npy',
'E:/newtacotron/tacotron/our_code/mel_output/nepali-mel-00330.npy',
'E:/newtacotron/tacotron/our_code/mel_output/nepali-mel-00331.npy',
'E:/newtacotron/tacotron/our_code/mel_output/nepali-mel-00332.npy',
'E:/newtacotron/tacotron/our_code/mel_output/nepali-mel-00333.npy',
'E:/newtacotron/tacotron/our_code/mel_output/nepali-mel-00334.npy',
'E:/newtacotron/tacotron/our_code/mel_output/nepali-mel-00335.npy',
'E:/newtacotron/tacotron/our_code/mel_output/nepali-mel-00336.npy',
'E:/newtacotron/tacotron/our_code/mel_output/nepali-mel-00337.npy',
'E:/newtacotron/tacotron/our_code/mel_output/nepali-mel-00338.npy',
'E:/newtacotron/tacotron/our_code/mel_output/nepali-mel-00339.npy',
'E:/newtacotron/tacotron/our_code/mel_output/nepali-mel-00340.npy',
'E:/newtacotron/tacotron/our_code/mel_output/nepali-mel-00341.npy',
'E:/newtacotron/tacotron/our_code/mel_output/nepali-mel-00342.npy',
'E:/newtacotron/tacotron/our_code/mel_output/nepali-mel-00343.npy',
'E:/newtacotron/tacotron/our_code/mel_output/nepali-mel-00344.npy',
'E:/newtacotron/tacotron/our_code/mel_output/nepali-mel-00345.npy',
'E:/newtacotron/tacotron/our_code/mel_output/nepali-mel-00346.npy',
'E:/newtacotron/tacotron/our_code/mel_output/nepali-mel-00347.npy',
'E:/newtacotron/tacotron/our_code/mel_output/nepali-mel-00348.npy',
'E:/newtacotron/tacotron/our_code/mel_output/nepali-mel-00349.npy',
'E:/newtacotron/tacotron/our_code/mel_output/nepali-mel-00350.npy',
'E:/newtacotron/tacotron/our_code/mel_output/nepali-mel-00351.npy',
'E:/newtacotron/tacotron/our_code/mel_output/nepali-mel-00352.npy',
'E:/newtacotron/tacotron/our_code/mel_output/nepali-mel-00353.npy',
'E:/newtacotron/tacotron/our_code/mel_output/nepali-mel-00354.npy',
'E:/newtacotron/tacotron/our_code/mel_output/nepali-mel-00355.npy',
'E:/newtacotron/tacotron/our_code/mel_output/nepali-mel-00356.npy',
'E:/newtacotron/tacotron/our_code/mel_output/nepali-mel-00357.npy',
'E:/newtacotron/tacotron/our_code/mel_output/nepali-mel-00358.npy',
'E:/newtacotron/tacotron/our_code/mel_output/nepali-mel-00359.npy',
'E:/newtacotron/tacotron/our_code/mel_output/nepali-mel-00360.npy',
'E:/newtacotron/tacotron/our_code/mel_output/nepali-mel-00361.npy',
'E:/newtacotron/tacotron/our_code/mel_output/nepali-mel-00362.npy',
'E:/newtacotron/tacotron/our_code/mel_output/nepali-mel-00363.npy',
'E:/newtacotron/tacotron/our_code/mel_output/nepali-mel-00364.npy',
'E:/newtacotron/tacotron/our_code/mel_output/nepali-mel-00365.npy',
'E:/newtacotron/tacotron/our_code/mel_output/nepali-mel-00366.npy',
'E:/newtacotron/tacotron/our_code/mel_output/nepali-mel-00367.npy',
'E:/newtacotron/tacotron/our_code/mel_output/nepali-mel-00368.npy',
'E:/newtacotron/tacotron/our_code/mel_output/nepali-mel-00369.npy',
'E:/newtacotron/tacotron/our_code/mel_output/nepali-mel-00370.npy',
'E:/newtacotron/tacotron/our_code/mel_output/nepali-mel-00371.npy',
'E:/newtacotron/tacotron/our_code/mel_output/nepali-mel-00372.npy',
'E:/newtacotron/tacotron/our_code/mel_output/nepali-mel-00373.npy',
'E:/newtacotron/tacotron/our_code/mel_output/nepali-mel-00374.npy',
'E:/newtacotron/tacotron/our_code/mel_output/nepali-mel-00375.npy',
'E:/newtacotron/tacotron/our_code/mel_output/nepali-mel-00376.npy',
'E:/newtacotron/tacotron/our_code/mel_output/nepali-mel-00377.npy',
'E:/newtacotron/tacotron/our_code/mel_output/nepali-mel-00378.npy',
'E:/newtacotron/tacotron/our_code/mel_output/nepali-mel-00379.npy',
'E:/newtacotron/tacotron/our_code/mel_output/nepali-mel-00380.npy',
'E:/newtacotron/tacotron/our_code/mel_output/nepali-mel-00381.npy',
'E:/newtacotron/tacotron/our_code/mel_output/nepali-mel-00382.npy',
'E:/newtacotron/tacotron/our_code/mel_output/nepali-mel-00383.npy',
'E:/newtacotron/tacotron/our_code/mel_output/nepali-mel-00384.npy',
'E:/newtacotron/tacotron/our_code/mel_output/nepali-mel-00385.npy',
'E:/newtacotron/tacotron/our_code/mel_output/nepali-mel-00386.npy',
'E:/newtacotron/tacotron/our_code/mel_output/nepali-mel-00387.npy',
'E:/newtacotron/tacotron/our_code/mel_output/nepali-mel-00388.npy',
'E:/newtacotron/tacotron/our_code/mel_output/nepali-mel-00389.npy',
'E:/newtacotron/tacotron/our_code/mel_output/nepali-mel-00390.npy',
'E:/newtacotron/tacotron/our_code/mel_output/nepali-mel-00391.npy',
'E:/newtacotron/tacotron/our_code/mel_output/nepali-mel-00392.npy',
'E:/newtacotron/tacotron/our_code/mel_output/nepali-mel-00393.npy',
'E:/newtacotron/tacotron/our_code/mel_output/nepali-mel-00394.npy',
'E:/newtacotron/tacotron/our_code/mel_output/nepali-mel-00395.npy',
'E:/newtacotron/tacotron/our_code/mel_output/nepali-mel-00396.npy',
'E:/newtacotron/tacotron/our_code/mel_output/nepali-mel-00397.npy',
'E:/newtacotron/tacotron/our_code/mel_output/nepali-mel-00398.npy',
'E:/newtacotron/tacotron/our_code/mel_output/nepali-mel-00399.npy',
'E:/newtacotron/tacotron/our_code/mel_output/nepali-mel-00400.npy',
'E:/newtacotron/tacotron/our_code/mel_output/nepali-mel-00401.npy',
'E:/newtacotron/tacotron/our_code/mel_output/nepali-mel-00402.npy',
'E:/newtacotron/tacotron/our_code/mel_output/nepali-mel-00403.npy',
'E:/newtacotron/tacotron/our_code/mel_output/nepali-mel-00404.npy',
'E:/newtacotron/tacotron/our_code/mel_output/nepali-mel-00405.npy',
'E:/newtacotron/tacotron/our_code/mel_output/nepali-mel-00406.npy',
'E:/newtacotron/tacotron/our_code/mel_output/nepali-mel-00407.npy',
'E:/newtacotron/tacotron/our_code/mel_output/nepali-mel-00408.npy',
'E:/newtacotron/tacotron/our_code/mel_output/nepali-mel-00409.npy',
'E:/newtacotron/tacotron/our_code/mel_output/nepali-mel-00410.npy',
'E:/newtacotron/tacotron/our_code/mel_output/nepali-mel-00411.npy',
'E:/newtacotron/tacotron/our_code/mel_output/nepali-mel-00412.npy',
'E:/newtacotron/tacotron/our_code/mel_output/nepali-mel-00413.npy',
'E:/newtacotron/tacotron/our_code/mel_output/nepali-mel-00414.npy',
'E:/newtacotron/tacotron/our_code/mel_output/nepali-mel-00415.npy',
'E:/newtacotron/tacotron/our_code/mel_output/nepali-mel-00416.npy',
'E:/newtacotron/tacotron/our_code/mel_output/nepali-mel-00417.npy',
'E:/newtacotron/tacotron/our_code/mel_output/nepali-mel-00418.npy',
'E:/newtacotron/tacotron/our_code/mel_output/nepali-mel-00419.npy',
'E:/newtacotron/tacotron/our_code/mel_output/nepali-mel-00420.npy',
'E:/newtacotron/tacotron/our_code/mel_output/nepali-mel-00421.npy',
'E:/newtacotron/tacotron/our_code/mel_output/nepali-mel-00422.npy',
'E:/newtacotron/tacotron/our_code/mel_output/nepali-mel-00423.npy',
'E:/newtacotron/tacotron/our_code/mel_output/nepali-mel-00424.npy',
'E:/newtacotron/tacotron/our_code/mel_output/nepali-mel-00425.npy',
'E:/newtacotron/tacotron/our_code/mel_output/nepali-mel-00426.npy',
'E:/newtacotron/tacotron/our_code/mel_output/nepali-mel-00427.npy',
'E:/newtacotron/tacotron/our_code/mel_output/nepali-mel-00428.npy',
'E:/newtacotron/tacotron/our_code/mel_output/nepali-mel-00429.npy',
'E:/newtacotron/tacotron/our_code/mel_output/nepali-mel-00430.npy',
'E:/newtacotron/tacotron/our_code/mel_output/nepali-mel-00431.npy',
'E:/newtacotron/tacotron/our_code/mel_output/nepali-mel-00432.npy',
'E:/newtacotron/tacotron/our_code/mel_output/nepali-mel-00433.npy',
'E:/newtacotron/tacotron/our_code/mel_output/nepali-mel-00434.npy',
'E:/newtacotron/tacotron/our_code/mel_output/nepali-mel-00435.npy',
'E:/newtacotron/tacotron/our_code/mel_output/nepali-mel-00436.npy',
'E:/newtacotron/tacotron/our_code/mel_output/nepali-mel-00437.npy',
'E:/newtacotron/tacotron/our_code/mel_output/nepali-mel-00438.npy',
'E:/newtacotron/tacotron/our_code/mel_output/nepali-mel-00439.npy',
'E:/newtacotron/tacotron/our_code/mel_output/nepali-mel-00440.npy',
'E:/newtacotron/tacotron/our_code/mel_output/nepali-mel-00441.npy',
'E:/newtacotron/tacotron/our_code/mel_output/nepali-mel-00442.npy',
'E:/newtacotron/tacotron/our_code/mel_output/nepali-mel-00443.npy',
'E:/newtacotron/tacotron/our_code/mel_output/nepali-mel-00444.npy',
'E:/newtacotron/tacotron/our_code/mel_output/nepali-mel-00445.npy',
'E:/newtacotron/tacotron/our_code/mel_output/nepali-mel-00446.npy',
'E:/newtacotron/tacotron/our_code/mel_output/nepali-mel-00447.npy',
'E:/newtacotron/tacotron/our_code/mel_output/nepali-mel-00448.npy',
'E:/newtacotron/tacotron/our_code/mel_output/nepali-mel-00449.npy',
'E:/newtacotron/tacotron/our_code/mel_output/nepali-mel-00450.npy',
'E:/newtacotron/tacotron/our_code/mel_output/nepali-mel-00451.npy',
'E:/newtacotron/tacotron/our_code/mel_output/nepali-mel-00452.npy',
'E:/newtacotron/tacotron/our_code/mel_output/nepali-mel-00453.npy',
'E:/newtacotron/tacotron/our_code/mel_output/nepali-mel-00454.npy',
'E:/newtacotron/tacotron/our_code/mel_output/nepali-mel-00455.npy',
'E:/newtacotron/tacotron/our_code/mel_output/nepali-mel-00456.npy',
'E:/newtacotron/tacotron/our_code/mel_output/nepali-mel-00457.npy',
'E:/newtacotron/tacotron/our_code/mel_output/nepali-mel-00458.npy',
'E:/newtacotron/tacotron/our_code/mel_output/nepali-mel-00459.npy',
'E:/newtacotron/tacotron/our_code/mel_output/nepali-mel-00460.npy',
'E:/newtacotron/tacotron/our_code/mel_output/nepali-mel-00461.npy',
'E:/newtacotron/tacotron/our_code/mel_output/nepali-mel-00462.npy',
'E:/newtacotron/tacotron/our_code/mel_output/nepali-mel-00463.npy',
'E:/newtacotron/tacotron/our_code/mel_output/nepali-mel-00464.npy',
'E:/newtacotron/tacotron/our_code/mel_output/nepali-mel-00465.npy',
'E:/newtacotron/tacotron/our_code/mel_output/nepali-mel-00466.npy',
'E:/newtacotron/tacotron/our_code/mel_output/nepali-mel-00467.npy',
'E:/newtacotron/tacotron/our_code/mel_output/nepali-mel-00468.npy',
'E:/newtacotron/tacotron/our_code/mel_output/nepali-mel-00469.npy',
'E:/newtacotron/tacotron/our_code/mel_output/nepali-mel-00470.npy',
'E:/newtacotron/tacotron/our_code/mel_output/nepali-mel-00471.npy',
'E:/newtacotron/tacotron/our_code/mel_output/nepali-mel-00472.npy',
'E:/newtacotron/tacotron/our_code/mel_output/nepali-mel-00473.npy',
'E:/newtacotron/tacotron/our_code/mel_output/nepali-mel-00474.npy',
'E:/newtacotron/tacotron/our_code/mel_output/nepali-mel-00475.npy',
'E:/newtacotron/tacotron/our_code/mel_output/nepali-mel-00476.npy',
'E:/newtacotron/tacotron/our_code/mel_output/nepali-mel-00477.npy',
'E:/newtacotron/tacotron/our_code/mel_output/nepali-mel-00478.npy',
'E:/newtacotron/tacotron/our_code/mel_output/nepali-mel-00479.npy',
'E:/newtacotron/tacotron/our_code/mel_output/nepali-mel-00480.npy',
'E:/newtacotron/tacotron/our_code/mel_output/nepali-mel-00481.npy',
'E:/newtacotron/tacotron/our_code/mel_output/nepali-mel-00482.npy',
'E:/newtacotron/tacotron/our_code/mel_output/nepali-mel-00483.npy',
'E:/newtacotron/tacotron/our_code/mel_output/nepali-mel-00484.npy',
'E:/newtacotron/tacotron/our_code/mel_output/nepali-mel-00485.npy',
'E:/newtacotron/tacotron/our_code/mel_output/nepali-mel-00486.npy',
'E:/newtacotron/tacotron/our_code/mel_output/nepali-mel-00487.npy',
'E:/newtacotron/tacotron/our_code/mel_output/nepali-mel-00488.npy',
'E:/newtacotron/tacotron/our_code/mel_output/nepali-mel-00489.npy',
'E:/newtacotron/tacotron/our_code/mel_output/nepali-mel-00490.npy',
'E:/newtacotron/tacotron/our_code/mel_output/nepali-mel-00491.npy',
'E:/newtacotron/tacotron/our_code/mel_output/nepali-mel-00492.npy',
'E:/newtacotron/tacotron/our_code/mel_output/nepali-mel-00493.npy',
'E:/newtacotron/tacotron/our_code/mel_output/nepali-mel-00494.npy',
'E:/newtacotron/tacotron/our_code/mel_output/nepali-mel-00495.npy',
'E:/newtacotron/tacotron/our_code/mel_output/nepali-mel-00496.npy',
'E:/newtacotron/tacotron/our_code/mel_output/nepali-mel-00497.npy',
'E:/newtacotron/tacotron/our_code/mel_output/nepali-mel-00498.npy',
'E:/newtacotron/tacotron/our_code/mel_output/nepali-mel-00499.npy',
'E:/newtacotron/tacotron/our_code/mel_output/nepali-mel-00500.npy',
'E:/newtacotron/tacotron/our_code/mel_output/nepali-mel-00501.npy',
'E:/newtacotron/tacotron/our_code/mel_output/nepali-mel-00502.npy',
'E:/newtacotron/tacotron/our_code/mel_output/nepali-mel-00503.npy',
'E:/newtacotron/tacotron/our_code/mel_output/nepali-mel-00504.npy',
'E:/newtacotron/tacotron/our_code/mel_output/nepali-mel-00505.npy',
'E:/newtacotron/tacotron/our_code/mel_output/nepali-mel-00506.npy',
'E:/newtacotron/tacotron/our_code/mel_output/nepali-mel-00507.npy',
'E:/newtacotron/tacotron/our_code/mel_output/nepali-mel-00508.npy',
'E:/newtacotron/tacotron/our_code/mel_output/nepali-mel-00509.npy',
'E:/newtacotron/tacotron/our_code/mel_output/nepali-mel-00510.npy',
'E:/newtacotron/tacotron/our_code/mel_output/nepali-mel-00511.npy',
'E:/newtacotron/tacotron/our_code/mel_output/nepali-mel-00512.npy',
'E:/newtacotron/tacotron/our_code/mel_output/nepali-mel-00513.npy',
'E:/newtacotron/tacotron/our_code/mel_output/nepali-mel-00514.npy',
'E:/newtacotron/tacotron/our_code/mel_output/nepali-mel-00515.npy',
'E:/newtacotron/tacotron/our_code/mel_output/nepali-mel-00516.npy',
'E:/newtacotron/tacotron/our_code/mel_output/nepali-mel-00517.npy',
'E:/newtacotron/tacotron/our_code/mel_output/nepali-mel-00518.npy',
'E:/newtacotron/tacotron/our_code/mel_output/nepali-mel-00519.npy',
'E:/newtacotron/tacotron/our_code/mel_output/nepali-mel-00520.npy',
'E:/newtacotron/tacotron/our_code/mel_output/nepali-mel-00521.npy',
'E:/newtacotron/tacotron/our_code/mel_output/nepali-mel-00522.npy',
'E:/newtacotron/tacotron/our_code/mel_output/nepali-mel-00523.npy',
'E:/newtacotron/tacotron/our_code/mel_output/nepali-mel-00524.npy',
'E:/newtacotron/tacotron/our_code/mel_output/nepali-mel-00525.npy',
'E:/newtacotron/tacotron/our_code/mel_output/nepali-mel-00526.npy',
'E:/newtacotron/tacotron/our_code/mel_output/nepali-mel-00527.npy',
'E:/newtacotron/tacotron/our_code/mel_output/nepali-mel-00528.npy',
'E:/newtacotron/tacotron/our_code/mel_output/nepali-mel-00529.npy',
'E:/newtacotron/tacotron/our_code/mel_output/nepali-mel-00530.npy',
'E:/newtacotron/tacotron/our_code/mel_output/nepali-mel-00531.npy',
'E:/newtacotron/tacotron/our_code/mel_output/nepali-mel-00532.npy',
'E:/newtacotron/tacotron/our_code/mel_output/nepali-mel-00533.npy',
'E:/newtacotron/tacotron/our_code/mel_output/nepali-mel-00534.npy',
'E:/newtacotron/tacotron/our_code/mel_output/nepali-mel-00535.npy',
'E:/newtacotron/tacotron/our_code/mel_output/nepali-mel-00536.npy',
'E:/newtacotron/tacotron/our_code/mel_output/nepali-mel-00537.npy',
'E:/newtacotron/tacotron/our_code/mel_output/nepali-mel-00538.npy',
'E:/newtacotron/tacotron/our_code/mel_output/nepali-mel-00539.npy',
'E:/newtacotron/tacotron/our_code/mel_output/nepali-mel-00540.npy',
'E:/newtacotron/tacotron/our_code/mel_output/nepali-mel-00541.npy',
'E:/newtacotron/tacotron/our_code/mel_output/nepali-mel-00542.npy',
'E:/newtacotron/tacotron/our_code/mel_output/nepali-mel-00543.npy',
'E:/newtacotron/tacotron/our_code/mel_output/nepali-mel-00544.npy',
'E:/newtacotron/tacotron/our_code/mel_output/nepali-mel-00545.npy',
'E:/newtacotron/tacotron/our_code/mel_output/nepali-mel-00546.npy',
'E:/newtacotron/tacotron/our_code/mel_output/nepali-mel-00547.npy',
'E:/newtacotron/tacotron/our_code/mel_output/nepali-mel-00548.npy',
'E:/newtacotron/tacotron/our_code/mel_output/nepali-mel-00550.npy',
'E:/newtacotron/tacotron/our_code/mel_output/nepali-mel-00551.npy',
'E:/newtacotron/tacotron/our_code/mel_output/nepali-mel-00552.npy',
'E:/newtacotron/tacotron/our_code/mel_output/nepali-mel-00553.npy',
'E:/newtacotron/tacotron/our_code/mel_output/nepali-mel-00554.npy',
'E:/newtacotron/tacotron/our_code/mel_output/nepali-mel-00555.npy',
'E:/newtacotron/tacotron/our_code/mel_output/nepali-mel-00556.npy',
'E:/newtacotron/tacotron/our_code/mel_output/nepali-mel-00557.npy',
'E:/newtacotron/tacotron/our_code/mel_output/nepali-mel-00558.npy',
'E:/newtacotron/tacotron/our_code/mel_output/nepali-mel-00559.npy',
'E:/newtacotron/tacotron/our_code/mel_output/nepali-mel-00560.npy',
'E:/newtacotron/tacotron/our_code/mel_output/nepali-mel-00561.npy',
'E:/newtacotron/tacotron/our_code/mel_output/nepali-mel-00562.npy',
'E:/newtacotron/tacotron/our_code/mel_output/nepali-mel-00563.npy',
'E:/newtacotron/tacotron/our_code/mel_output/nepali-mel-00564.npy',
'E:/newtacotron/tacotron/our_code/mel_output/nepali-mel-00565.npy',
'E:/newtacotron/tacotron/our_code/mel_output/nepali-mel-00566.npy',
'E:/newtacotron/tacotron/our_code/mel_output/nepali-mel-00567.npy',
'E:/newtacotron/tacotron/our_code/mel_output/nepali-mel-00568.npy',
'E:/newtacotron/tacotron/our_code/mel_output/nepali-mel-00569.npy',
'E:/newtacotron/tacotron/our_code/mel_output/nepali-mel-00570.npy',
'E:/newtacotron/tacotron/our_code/mel_output/nepali-mel-00571.npy',
'E:/newtacotron/tacotron/our_code/mel_output/nepali-mel-00572.npy',
'E:/newtacotron/tacotron/our_code/mel_output/nepali-mel-00573.npy',
'E:/newtacotron/tacotron/our_code/mel_output/nepali-mel-00574.npy',
'E:/newtacotron/tacotron/our_code/mel_output/nepali-mel-00575.npy',
'E:/newtacotron/tacotron/our_code/mel_output/nepali-mel-00576.npy',
'E:/newtacotron/tacotron/our_code/mel_output/nepali-mel-00577.npy',
'E:/newtacotron/tacotron/our_code/mel_output/nepali-mel-00578.npy',
'E:/newtacotron/tacotron/our_code/mel_output/nepali-mel-00579.npy',
'E:/newtacotron/tacotron/our_code/mel_output/nepali-mel-00580.npy',
'E:/newtacotron/tacotron/our_code/mel_output/nepali-mel-00581.npy',
'E:/newtacotron/tacotron/our_code/mel_output/nepali-mel-00582.npy',
'E:/newtacotron/tacotron/our_code/mel_output/nepali-mel-00583.npy',
'E:/newtacotron/tacotron/our_code/mel_output/nepali-mel-00584.npy',
'E:/newtacotron/tacotron/our_code/mel_output/nepali-mel-00585.npy',
'E:/newtacotron/tacotron/our_code/mel_output/nepali-mel-00586.npy',
'E:/newtacotron/tacotron/our_code/mel_output/nepali-mel-00587.npy',
'E:/newtacotron/tacotron/our_code/mel_output/nepali-mel-00588.npy',
'E:/newtacotron/tacotron/our_code/mel_output/nepali-mel-00589.npy',
'E:/newtacotron/tacotron/our_code/mel_output/nepali-mel-00590.npy',
'E:/newtacotron/tacotron/our_code/mel_output/nepali-mel-00591.npy',
'E:/newtacotron/tacotron/our_code/mel_output/nepali-mel-00592.npy',
'E:/newtacotron/tacotron/our_code/mel_output/nepali-mel-00593.npy',
'E:/newtacotron/tacotron/our_code/mel_output/nepali-mel-00594.npy',
'E:/newtacotron/tacotron/our_code/mel_output/nepali-mel-00595.npy',
'E:/newtacotron/tacotron/our_code/mel_output/nepali-mel-00596.npy',
'E:/newtacotron/tacotron/our_code/mel_output/nepali-mel-00597.npy',
'E:/newtacotron/tacotron/our_code/mel_output/nepali-mel-00598.npy',
'E:/newtacotron/tacotron/our_code/mel_output/nepali-mel-00599.npy',
'E:/newtacotron/tacotron/our_code/mel_output/nepali-mel-00600.npy',
'E:/newtacotron/tacotron/our_code/mel_output/nepali-mel-00601.npy',
'E:/newtacotron/tacotron/our_code/mel_output/nepali-mel-00602.npy',
'E:/newtacotron/tacotron/our_code/mel_output/nepali-mel-00603.npy',
'E:/newtacotron/tacotron/our_code/mel_output/nepali-mel-00604.npy',
'E:/newtacotron/tacotron/our_code/mel_output/nepali-mel-00605.npy',
'E:/newtacotron/tacotron/our_code/mel_output/nepali-mel-00606.npy',
'E:/newtacotron/tacotron/our_code/mel_output/nepali-mel-00607.npy',
'E:/newtacotron/tacotron/our_code/mel_output/nepali-mel-00608.npy',
'E:/newtacotron/tacotron/our_code/mel_output/nepali-mel-00609.npy',
'E:/newtacotron/tacotron/our_code/mel_output/nepali-mel-00610.npy',
'E:/newtacotron/tacotron/our_code/mel_output/nepali-mel-00611.npy',
'E:/newtacotron/tacotron/our_code/mel_output/nepali-mel-00612.npy',
'E:/newtacotron/tacotron/our_code/mel_output/nepali-mel-00613.npy',
'E:/newtacotron/tacotron/our_code/mel_output/nepali-mel-00614.npy',
'E:/newtacotron/tacotron/our_code/mel_output/nepali-mel-00615.npy',
'E:/newtacotron/tacotron/our_code/mel_output/nepali-mel-00616.npy',
'E:/newtacotron/tacotron/our_code/mel_output/nepali-mel-00617.npy',
'E:/newtacotron/tacotron/our_code/mel_output/nepali-mel-00618.npy',
'E:/newtacotron/tacotron/our_code/mel_output/nepali-mel-00619.npy',
'E:/newtacotron/tacotron/our_code/mel_output/nepali-mel-00620.npy',
'E:/newtacotron/tacotron/our_code/mel_output/nepali-mel-00621.npy',
'E:/newtacotron/tacotron/our_code/mel_output/nepali-mel-00622.npy',
'E:/newtacotron/tacotron/our_code/mel_output/nepali-mel-00623.npy',
'E:/newtacotron/tacotron/our_code/mel_output/nepali-mel-00624.npy',
'E:/newtacotron/tacotron/our_code/mel_output/nepali-mel-00625.npy',
'E:/newtacotron/tacotron/our_code/mel_output/nepali-mel-00626.npy',
'E:/newtacotron/tacotron/our_code/mel_output/nepali-mel-00627.npy',
'E:/newtacotron/tacotron/our_code/mel_output/nepali-mel-00628.npy',
'E:/newtacotron/tacotron/our_code/mel_output/nepali-mel-00629.npy',
'E:/newtacotron/tacotron/our_code/mel_output/nepali-mel-00630.npy',
'E:/newtacotron/tacotron/our_code/mel_output/nepali-mel-00631.npy',
'E:/newtacotron/tacotron/our_code/mel_output/nepali-mel-00632.npy',
'E:/newtacotron/tacotron/our_code/mel_output/nepali-mel-00633.npy',
'E:/newtacotron/tacotron/our_code/mel_output/nepali-mel-00634.npy',
'E:/newtacotron/tacotron/our_code/mel_output/nepali-mel-00635.npy',
'E:/newtacotron/tacotron/our_code/mel_output/nepali-mel-00636.npy',
'E:/newtacotron/tacotron/our_code/mel_output/nepali-mel-00637.npy',
'E:/newtacotron/tacotron/our_code/mel_output/nepali-mel-00638.npy',
'E:/newtacotron/tacotron/our_code/mel_output/nepali-mel-00639.npy',
'E:/newtacotron/tacotron/our_code/mel_output/nepali-mel-00640.npy',
'E:/newtacotron/tacotron/our_code/mel_output/nepali-mel-00641.npy',
'E:/newtacotron/tacotron/our_code/mel_output/nepali-mel-00642.npy',
'E:/newtacotron/tacotron/our_code/mel_output/nepali-mel-00643.npy',
'E:/newtacotron/tacotron/our_code/mel_output/nepali-mel-00644.npy',
'E:/newtacotron/tacotron/our_code/mel_output/nepali-mel-00645.npy',
'E:/newtacotron/tacotron/our_code/mel_output/nepali-mel-00646.npy',
'E:/newtacotron/tacotron/our_code/mel_output/nepali-mel-00647.npy',
'E:/newtacotron/tacotron/our_code/mel_output/nepali-mel-00648.npy',
'E:/newtacotron/tacotron/our_code/mel_output/nepali-mel-00649.npy',
'E:/newtacotron/tacotron/our_code/mel_output/nepali-mel-00650.npy',
'E:/newtacotron/tacotron/our_code/mel_output/nepali-mel-00651.npy',
'E:/newtacotron/tacotron/our_code/mel_output/nepali-mel-00652.npy',
'E:/newtacotron/tacotron/our_code/mel_output/nepali-mel-00653.npy',
'E:/newtacotron/tacotron/our_code/mel_output/nepali-mel-00654.npy',
'E:/newtacotron/tacotron/our_code/mel_output/nepali-mel-00655.npy',
'E:/newtacotron/tacotron/our_code/mel_output/nepali-mel-00656.npy',
'E:/newtacotron/tacotron/our_code/mel_output/nepali-mel-00657.npy',
'E:/newtacotron/tacotron/our_code/mel_output/nepali-mel-00658.npy',
'E:/newtacotron/tacotron/our_code/mel_output/nepali-mel-00659.npy',
'E:/newtacotron/tacotron/our_code/mel_output/nepali-mel-00660.npy',
'E:/newtacotron/tacotron/our_code/mel_output/nepali-mel-00661.npy',
'E:/newtacotron/tacotron/our_code/mel_output/nepali-mel-00662.npy',
'E:/newtacotron/tacotron/our_code/mel_output/nepali-mel-00663.npy',
'E:/newtacotron/tacotron/our_code/mel_output/nepali-mel-00664.npy',
'E:/newtacotron/tacotron/our_code/mel_output/nepali-mel-00665.npy',
'E:/newtacotron/tacotron/our_code/mel_output/nepali-mel-00666.npy',
'E:/newtacotron/tacotron/our_code/mel_output/nepali-mel-00667.npy',
'E:/newtacotron/tacotron/our_code/mel_output/nepali-mel-00668.npy',
'E:/newtacotron/tacotron/our_code/mel_output/nepali-mel-00669.npy',
'E:/newtacotron/tacotron/our_code/mel_output/nepali-mel-00670.npy',
'E:/newtacotron/tacotron/our_code/mel_output/nepali-mel-00671.npy',
'E:/newtacotron/tacotron/our_code/mel_output/nepali-mel-00672.npy',
'E:/newtacotron/tacotron/our_code/mel_output/nepali-mel-00673.npy',
'E:/newtacotron/tacotron/our_code/mel_output/nepali-mel-00674.npy',
'E:/newtacotron/tacotron/our_code/mel_output/nepali-mel-00675.npy',
'E:/newtacotron/tacotron/our_code/mel_output/nepali-mel-00676.npy',
'E:/newtacotron/tacotron/our_code/mel_output/nepali-mel-00677.npy',
'E:/newtacotron/tacotron/our_code/mel_output/nepali-mel-00678.npy',
'E:/newtacotron/tacotron/our_code/mel_output/nepali-mel-00679.npy',
'E:/newtacotron/tacotron/our_code/mel_output/nepali-mel-00680.npy',
'E:/newtacotron/tacotron/our_code/mel_output/nepali-mel-00681.npy',
'E:/newtacotron/tacotron/our_code/mel_output/nepali-mel-00682.npy',
'E:/newtacotron/tacotron/our_code/mel_output/nepali-mel-00683.npy',
'E:/newtacotron/tacotron/our_code/mel_output/nepali-mel-00684.npy',
'E:/newtacotron/tacotron/our_code/mel_output/nepali-mel-00685.npy',
'E:/newtacotron/tacotron/our_code/mel_output/nepali-mel-00686.npy',
'E:/newtacotron/tacotron/our_code/mel_output/nepali-mel-00687.npy',
'E:/newtacotron/tacotron/our_code/mel_output/nepali-mel-00688.npy',
'E:/newtacotron/tacotron/our_code/mel_output/nepali-mel-00689.npy',
'E:/newtacotron/tacotron/our_code/mel_output/nepali-mel-00690.npy',
'E:/newtacotron/tacotron/our_code/mel_output/nepali-mel-00691.npy',
'E:/newtacotron/tacotron/our_code/mel_output/nepali-mel-00692.npy',
'E:/newtacotron/tacotron/our_code/mel_output/nepali-mel-00693.npy',
'E:/newtacotron/tacotron/our_code/mel_output/nepali-mel-00694.npy',
'E:/newtacotron/tacotron/our_code/mel_output/nepali-mel-00695.npy',
'E:/newtacotron/tacotron/our_code/mel_output/nepali-mel-00696.npy',
'E:/newtacotron/tacotron/our_code/mel_output/nepali-mel-00697.npy',
'E:/newtacotron/tacotron/our_code/mel_output/nepali-mel-00698.npy',
'E:/newtacotron/tacotron/our_code/mel_output/nepali-mel-00699.npy',
'E:/newtacotron/tacotron/our_code/mel_output/nepali-mel-00700.npy',
'E:/newtacotron/tacotron/our_code/mel_output/nepali-mel-00701.npy',
'E:/newtacotron/tacotron/our_code/mel_output/nepali-mel-00702.npy',
'E:/newtacotron/tacotron/our_code/mel_output/nepali-mel-00703.npy',
'E:/newtacotron/tacotron/our_code/mel_output/nepali-mel-00704.npy',
'E:/newtacotron/tacotron/our_code/mel_output/nepali-mel-00705.npy',
'E:/newtacotron/tacotron/our_code/mel_output/nepali-mel-00706.npy',
'E:/newtacotron/tacotron/our_code/mel_output/nepali-mel-00707.npy',
'E:/newtacotron/tacotron/our_code/mel_output/nepali-mel-00708.npy',
'E:/newtacotron/tacotron/our_code/mel_output/nepali-mel-00709.npy',
'E:/newtacotron/tacotron/our_code/mel_output/nepali-mel-00710.npy',
'E:/newtacotron/tacotron/our_code/mel_output/nepali-mel-00711.npy',
'E:/newtacotron/tacotron/our_code/mel_output/nepali-mel-00712.npy',
'E:/newtacotron/tacotron/our_code/mel_output/nepali-mel-00713.npy',
'E:/newtacotron/tacotron/our_code/mel_output/nepali-mel-00714.npy',
'E:/newtacotron/tacotron/our_code/mel_output/nepali-mel-00715.npy',
'E:/newtacotron/tacotron/our_code/mel_output/nepali-mel-00716.npy',
'E:/newtacotron/tacotron/our_code/mel_output/nepali-mel-00717.npy',
'E:/newtacotron/tacotron/our_code/mel_output/nepali-mel-00718.npy',
'E:/newtacotron/tacotron/our_code/mel_output/nepali-mel-00719.npy',
'E:/newtacotron/tacotron/our_code/mel_output/nepali-mel-00720.npy',
'E:/newtacotron/tacotron/our_code/mel_output/nepali-mel-00721.npy',
'E:/newtacotron/tacotron/our_code/mel_output/nepali-mel-00722.npy',
'E:/newtacotron/tacotron/our_code/mel_output/nepali-mel-00723.npy',
'E:/newtacotron/tacotron/our_code/mel_output/nepali-mel-00724.npy',
'E:/newtacotron/tacotron/our_code/mel_output/nepali-mel-00725.npy',
'E:/newtacotron/tacotron/our_code/mel_output/nepali-mel-00726.npy',
'E:/newtacotron/tacotron/our_code/mel_output/nepali-mel-00727.npy',
'E:/newtacotron/tacotron/our_code/mel_output/nepali-mel-00728.npy',
'E:/newtacotron/tacotron/our_code/mel_output/nepali-mel-00729.npy',
'E:/newtacotron/tacotron/our_code/mel_output/nepali-mel-00730.npy',
'E:/newtacotron/tacotron/our_code/mel_output/nepali-mel-00731.npy',
'E:/newtacotron/tacotron/our_code/mel_output/nepali-mel-00732.npy',
'E:/newtacotron/tacotron/our_code/mel_output/nepali-mel-00733.npy',
'E:/newtacotron/tacotron/our_code/mel_output/nepali-mel-00734.npy',
'E:/newtacotron/tacotron/our_code/mel_output/nepali-mel-00735.npy',
'E:/newtacotron/tacotron/our_code/mel_output/nepali-mel-00736.npy',
'E:/newtacotron/tacotron/our_code/mel_output/nepali-mel-00737.npy',
'E:/newtacotron/tacotron/our_code/mel_output/nepali-mel-00738.npy',
'E:/newtacotron/tacotron/our_code/mel_output/nepali-mel-00739.npy',
'E:/newtacotron/tacotron/our_code/mel_output/nepali-mel-00740.npy',
'E:/newtacotron/tacotron/our_code/mel_output/nepali-mel-00741.npy',
'E:/newtacotron/tacotron/our_code/mel_output/nepali-mel-00742.npy',
'E:/newtacotron/tacotron/our_code/mel_output/nepali-mel-00743.npy',
'E:/newtacotron/tacotron/our_code/mel_output/nepali-mel-00744.npy',
'E:/newtacotron/tacotron/our_code/mel_output/nepali-mel-00745.npy',
'E:/newtacotron/tacotron/our_code/mel_output/nepali-mel-00746.npy',
'E:/newtacotron/tacotron/our_code/mel_output/nepali-mel-00747.npy',
'E:/newtacotron/tacotron/our_code/mel_output/nepali-mel-00748.npy',
'E:/newtacotron/tacotron/our_code/mel_output/nepali-mel-00749.npy',
'E:/newtacotron/tacotron/our_code/mel_output/nepali-mel-00750.npy',
'E:/newtacotron/tacotron/our_code/mel_output/nepali-mel-00751.npy',
'E:/newtacotron/tacotron/our_code/mel_output/nepali-mel-00752.npy',
'E:/newtacotron/tacotron/our_code/mel_output/nepali-mel-00753.npy',
'E:/newtacotron/tacotron/our_code/mel_output/nepali-mel-00754.npy',
'E:/newtacotron/tacotron/our_code/mel_output/nepali-mel-00755.npy',
'E:/newtacotron/tacotron/our_code/mel_output/nepali-mel-00756.npy',
'E:/newtacotron/tacotron/our_code/mel_output/nepali-mel-00757.npy',
'E:/newtacotron/tacotron/our_code/mel_output/nepali-mel-00758.npy',
'E:/newtacotron/tacotron/our_code/mel_output/nepali-mel-00759.npy',
'E:/newtacotron/tacotron/our_code/mel_output/nepali-mel-00760.npy',
'E:/newtacotron/tacotron/our_code/mel_output/nepali-mel-00761.npy',
'E:/newtacotron/tacotron/our_code/mel_output/nepali-mel-00762.npy',
'E:/newtacotron/tacotron/our_code/mel_output/nepali-mel-00763.npy',
'E:/newtacotron/tacotron/our_code/mel_output/nepali-mel-00764.npy',
'E:/newtacotron/tacotron/our_code/mel_output/nepali-mel-00765.npy',
'E:/newtacotron/tacotron/our_code/mel_output/nepali-mel-00766.npy',
'E:/newtacotron/tacotron/our_code/mel_output/nepali-mel-00767.npy',
'E:/newtacotron/tacotron/our_code/mel_output/nepali-mel-00768.npy',
'E:/newtacotron/tacotron/our_code/mel_output/nepali-mel-00769.npy',
'E:/newtacotron/tacotron/our_code/mel_output/nepali-mel-00770.npy',
'E:/newtacotron/tacotron/our_code/mel_output/nepali-mel-00771.npy',
'E:/newtacotron/tacotron/our_code/mel_output/nepali-mel-00772.npy',
'E:/newtacotron/tacotron/our_code/mel_output/nepali-mel-00773.npy',
'E:/newtacotron/tacotron/our_code/mel_output/nepali-mel-00774.npy',
'E:/newtacotron/tacotron/our_code/mel_output/nepali-mel-00775.npy',
'E:/newtacotron/tacotron/our_code/mel_output/nepali-mel-00776.npy',
'E:/newtacotron/tacotron/our_code/mel_output/nepali-mel-00777.npy',
'E:/newtacotron/tacotron/our_code/mel_output/nepali-mel-00778.npy',
'E:/newtacotron/tacotron/our_code/mel_output/nepali-mel-00779.npy',
'E:/newtacotron/tacotron/our_code/mel_output/nepali-mel-00780.npy',
'E:/newtacotron/tacotron/our_code/mel_output/nepali-mel-00781.npy',
'E:/newtacotron/tacotron/our_code/mel_output/nepali-mel-00782.npy',
'E:/newtacotron/tacotron/our_code/mel_output/nepali-mel-00783.npy',
'E:/newtacotron/tacotron/our_code/mel_output/nepali-mel-00784.npy',
'E:/newtacotron/tacotron/our_code/mel_output/nepali-mel-00785.npy',
'E:/newtacotron/tacotron/our_code/mel_output/nepali-mel-00786.npy',
'E:/newtacotron/tacotron/our_code/mel_output/nepali-mel-00787.npy',
'E:/newtacotron/tacotron/our_code/mel_output/nepali-mel-00788.npy',
'E:/newtacotron/tacotron/our_code/mel_output/nepali-mel-00789.npy',
'E:/newtacotron/tacotron/our_code/mel_output/nepali-mel-00790.npy',
'E:/newtacotron/tacotron/our_code/mel_output/nepali-mel-00791.npy',
'E:/newtacotron/tacotron/our_code/mel_output/nepali-mel-00792.npy',
'E:/newtacotron/tacotron/our_code/mel_output/nepali-mel-00793.npy',
'E:/newtacotron/tacotron/our_code/mel_output/nepali-mel-00794.npy',
'E:/newtacotron/tacotron/our_code/mel_output/nepali-mel-00795.npy',
'E:/newtacotron/tacotron/our_code/mel_output/nepali-mel-00796.npy',
'E:/newtacotron/tacotron/our_code/mel_output/nepali-mel-00797.npy',
'E:/newtacotron/tacotron/our_code/mel_output/nepali-mel-00798.npy',
'E:/newtacotron/tacotron/our_code/mel_output/nepali-mel-00799.npy',
'E:/newtacotron/tacotron/our_code/mel_output/nepali-mel-00800.npy',
'E:/newtacotron/tacotron/our_code/mel_output/nepali-mel-00801.npy',
'E:/newtacotron/tacotron/our_code/mel_output/nepali-mel-00802.npy',
'E:/newtacotron/tacotron/our_code/mel_output/nepali-mel-00803.npy',
'E:/newtacotron/tacotron/our_code/mel_output/nepali-mel-00804.npy',
'E:/newtacotron/tacotron/our_code/mel_output/nepali-mel-00805.npy',
'E:/newtacotron/tacotron/our_code/mel_output/nepali-mel-00806.npy',
'E:/newtacotron/tacotron/our_code/mel_output/nepali-mel-00807.npy',
'E:/newtacotron/tacotron/our_code/mel_output/nepali-mel-00808.npy',
'E:/newtacotron/tacotron/our_code/mel_output/nepali-mel-00809.npy',
'E:/newtacotron/tacotron/our_code/mel_output/nepali-mel-00810.npy',
'E:/newtacotron/tacotron/our_code/mel_output/nepali-mel-00811.npy',
'E:/newtacotron/tacotron/our_code/mel_output/nepali-mel-00812.npy',
'E:/newtacotron/tacotron/our_code/mel_output/nepali-mel-00813.npy',
'E:/newtacotron/tacotron/our_code/mel_output/nepali-mel-00814.npy',
'E:/newtacotron/tacotron/our_code/mel_output/nepali-mel-00815.npy',
'E:/newtacotron/tacotron/our_code/mel_output/nepali-mel-00816.npy',
'E:/newtacotron/tacotron/our_code/mel_output/nepali-mel-00817.npy',
'E:/newtacotron/tacotron/our_code/mel_output/nepali-mel-00818.npy',
'E:/newtacotron/tacotron/our_code/mel_output/nepali-mel-00819.npy',
'E:/newtacotron/tacotron/our_code/mel_output/nepali-mel-00820.npy',
'E:/newtacotron/tacotron/our_code/mel_output/nepali-mel-00821.npy',
'E:/newtacotron/tacotron/our_code/mel_output/nepali-mel-00822.npy',
'E:/newtacotron/tacotron/our_code/mel_output/nepali-mel-00823.npy',
'E:/newtacotron/tacotron/our_code/mel_output/nepali-mel-00824.npy',
'E:/newtacotron/tacotron/our_code/mel_output/nepali-mel-00825.npy',
'E:/newtacotron/tacotron/our_code/mel_output/nepali-mel-00826.npy',
'E:/newtacotron/tacotron/our_code/mel_output/nepali-mel-00827.npy',
'E:/newtacotron/tacotron/our_code/mel_output/nepali-mel-00828.npy',
'E:/newtacotron/tacotron/our_code/mel_output/nepali-mel-00829.npy',
'E:/newtacotron/tacotron/our_code/mel_output/nepali-mel-00830.npy',
'E:/newtacotron/tacotron/our_code/mel_output/nepali-mel-00831.npy',
'E:/newtacotron/tacotron/our_code/mel_output/nepali-mel-00832.npy',
'E:/newtacotron/tacotron/our_code/mel_output/nepali-mel-00833.npy',
'E:/newtacotron/tacotron/our_code/mel_output/nepali-mel-00834.npy',
'E:/newtacotron/tacotron/our_code/mel_output/nepali-mel-00835.npy',
'E:/newtacotron/tacotron/our_code/mel_output/nepali-mel-00836.npy',
'E:/newtacotron/tacotron/our_code/mel_output/nepali-mel-00837.npy',
'E:/newtacotron/tacotron/our_code/mel_output/nepali-mel-00838.npy',
'E:/newtacotron/tacotron/our_code/mel_output/nepali-mel-00839.npy',
'E:/newtacotron/tacotron/our_code/mel_output/nepali-mel-00840.npy',
'E:/newtacotron/tacotron/our_code/mel_output/nepali-mel-00841.npy',
'E:/newtacotron/tacotron/our_code/mel_output/nepali-mel-00842.npy',
'E:/newtacotron/tacotron/our_code/mel_output/nepali-mel-00843.npy',
'E:/newtacotron/tacotron/our_code/mel_output/nepali-mel-00844.npy',
'E:/newtacotron/tacotron/our_code/mel_output/nepali-mel-00845.npy',
'E:/newtacotron/tacotron/our_code/mel_output/nepali-mel-00846.npy',
'E:/newtacotron/tacotron/our_code/mel_output/nepali-mel-00847.npy',
'E:/newtacotron/tacotron/our_code/mel_output/nepali-mel-00848.npy',
'E:/newtacotron/tacotron/our_code/mel_output/nepali-mel-00849.npy',
'E:/newtacotron/tacotron/our_code/mel_output/nepali-mel-00850.npy',
'E:/newtacotron/tacotron/our_code/mel_output/nepali-mel-00851.npy',
'E:/newtacotron/tacotron/our_code/mel_output/nepali-mel-00852.npy',
'E:/newtacotron/tacotron/our_code/mel_output/nepali-mel-00853.npy',
'E:/newtacotron/tacotron/our_code/mel_output/nepali-mel-00854.npy',
'E:/newtacotron/tacotron/our_code/mel_output/nepali-mel-00855.npy',
'E:/newtacotron/tacotron/our_code/mel_output/nepali-mel-00856.npy',
'E:/newtacotron/tacotron/our_code/mel_output/nepali-mel-00857.npy',
'E:/newtacotron/tacotron/our_code/mel_output/nepali-mel-00858.npy',
'E:/newtacotron/tacotron/our_code/mel_output/nepali-mel-00859.npy',
'E:/newtacotron/tacotron/our_code/mel_output/nepali-mel-00860.npy',
'E:/newtacotron/tacotron/our_code/mel_output/nepali-mel-00861.npy',
'E:/newtacotron/tacotron/our_code/mel_output/nepali-mel-00862.npy',
'E:/newtacotron/tacotron/our_code/mel_output/nepali-mel-00863.npy',
'E:/newtacotron/tacotron/our_code/mel_output/nepali-mel-00864.npy',
'E:/newtacotron/tacotron/our_code/mel_output/nepali-mel-00865.npy',
'E:/newtacotron/tacotron/our_code/mel_output/nepali-mel-00866.npy',
'E:/newtacotron/tacotron/our_code/mel_output/nepali-mel-00867.npy',
'E:/newtacotron/tacotron/our_code/mel_output/nepali-mel-00868.npy',
'E:/newtacotron/tacotron/our_code/mel_output/nepali-mel-00869.npy',
'E:/newtacotron/tacotron/our_code/mel_output/nepali-mel-00870.npy',
'E:/newtacotron/tacotron/our_code/mel_output/nepali-mel-00871.npy',
'E:/newtacotron/tacotron/our_code/mel_output/nepali-mel-00872.npy',
'E:/newtacotron/tacotron/our_code/mel_output/nepali-mel-00873.npy',
'E:/newtacotron/tacotron/our_code/mel_output/nepali-mel-00874.npy',
'E:/newtacotron/tacotron/our_code/mel_output/nepali-mel-00875.npy',
'E:/newtacotron/tacotron/our_code/mel_output/nepali-mel-00876.npy',
'E:/newtacotron/tacotron/our_code/mel_output/nepali-mel-00877.npy',
'E:/newtacotron/tacotron/our_code/mel_output/nepali-mel-00878.npy',
'E:/newtacotron/tacotron/our_code/mel_output/nepali-mel-00879.npy',
'E:/newtacotron/tacotron/our_code/mel_output/nepali-mel-00880.npy',
'E:/newtacotron/tacotron/our_code/mel_output/nepali-mel-00881.npy',
'E:/newtacotron/tacotron/our_code/mel_output/nepali-mel-00882.npy',
'E:/newtacotron/tacotron/our_code/mel_output/nepali-mel-00883.npy',
'E:/newtacotron/tacotron/our_code/mel_output/nepali-mel-00884.npy',
'E:/newtacotron/tacotron/our_code/mel_output/nepali-mel-00885.npy',
'E:/newtacotron/tacotron/our_code/mel_output/nepali-mel-00886.npy',
'E:/newtacotron/tacotron/our_code/mel_output/nepali-mel-00887.npy',
'E:/newtacotron/tacotron/our_code/mel_output/nepali-mel-00888.npy',
'E:/newtacotron/tacotron/our_code/mel_output/nepali-mel-00889.npy',
'E:/newtacotron/tacotron/our_code/mel_output/nepali-mel-00890.npy',
'E:/newtacotron/tacotron/our_code/mel_output/nepali-mel-00891.npy',
'E:/newtacotron/tacotron/our_code/mel_output/nepali-mel-00892.npy',
'E:/newtacotron/tacotron/our_code/mel_output/nepali-mel-00893.npy',
'E:/newtacotron/tacotron/our_code/mel_output/nepali-mel-00894.npy',
'E:/newtacotron/tacotron/our_code/mel_output/nepali-mel-00895.npy',
'E:/newtacotron/tacotron/our_code/mel_output/nepali-mel-00896.npy',
'E:/newtacotron/tacotron/our_code/mel_output/nepali-mel-00897.npy',
'E:/newtacotron/tacotron/our_code/mel_output/nepali-mel-00898.npy',
'E:/newtacotron/tacotron/our_code/mel_output/nepali-mel-00899.npy',
'E:/newtacotron/tacotron/our_code/mel_output/nepali-mel-00900.npy',
'E:/newtacotron/tacotron/our_code/mel_output/nepali-mel-00901.npy',
'E:/newtacotron/tacotron/our_code/mel_output/nepali-mel-00902.npy',
'E:/newtacotron/tacotron/our_code/mel_output/nepali-mel-00903.npy',
'E:/newtacotron/tacotron/our_code/mel_output/nepali-mel-00904.npy',
'E:/newtacotron/tacotron/our_code/mel_output/nepali-mel-00905.npy',
'E:/newtacotron/tacotron/our_code/mel_output/nepali-mel-00906.npy',
'E:/newtacotron/tacotron/our_code/mel_output/nepali-mel-00907.npy',
'E:/newtacotron/tacotron/our_code/mel_output/nepali-mel-00908.npy',
'E:/newtacotron/tacotron/our_code/mel_output/nepali-mel-00909.npy',
'E:/newtacotron/tacotron/our_code/mel_output/nepali-mel-00910.npy',
'E:/newtacotron/tacotron/our_code/mel_output/nepali-mel-00911.npy',
'E:/newtacotron/tacotron/our_code/mel_output/nepali-mel-00912.npy',
'E:/newtacotron/tacotron/our_code/mel_output/nepali-mel-00913.npy',
'E:/newtacotron/tacotron/our_code/mel_output/nepali-mel-00914.npy',
'E:/newtacotron/tacotron/our_code/mel_output/nepali-mel-00915.npy',
'E:/newtacotron/tacotron/our_code/mel_output/nepali-mel-00916.npy',
'E:/newtacotron/tacotron/our_code/mel_output/nepali-mel-00917.npy',
'E:/newtacotron/tacotron/our_code/mel_output/nepali-mel-00918.npy',
'E:/newtacotron/tacotron/our_code/mel_output/nepali-mel-00919.npy',
'E:/newtacotron/tacotron/our_code/mel_output/nepali-mel-00920.npy',
'E:/newtacotron/tacotron/our_code/mel_output/nepali-mel-00921.npy',
'E:/newtacotron/tacotron/our_code/mel_output/nepali-mel-00922.npy',
'E:/newtacotron/tacotron/our_code/mel_output/nepali-mel-00923.npy',
'E:/newtacotron/tacotron/our_code/mel_output/nepali-mel-00924.npy',
'E:/newtacotron/tacotron/our_code/mel_output/nepali-mel-00925.npy',
'E:/newtacotron/tacotron/our_code/mel_output/nepali-mel-00926.npy',
'E:/newtacotron/tacotron/our_code/mel_output/nepali-mel-00927.npy',
'E:/newtacotron/tacotron/our_code/mel_output/nepali-mel-00928.npy',
'E:/newtacotron/tacotron/our_code/mel_output/nepali-mel-00929.npy',
'E:/newtacotron/tacotron/our_code/mel_output/nepali-mel-00930.npy',
'E:/newtacotron/tacotron/our_code/mel_output/nepali-mel-00931.npy',
'E:/newtacotron/tacotron/our_code/mel_output/nepali-mel-00932.npy',
'E:/newtacotron/tacotron/our_code/mel_output/nepali-mel-00933.npy',
'E:/newtacotron/tacotron/our_code/mel_output/nepali-mel-00934.npy',
'E:/newtacotron/tacotron/our_code/mel_output/nepali-mel-00935.npy',
'E:/newtacotron/tacotron/our_code/mel_output/nepali-mel-00936.npy',
'E:/newtacotron/tacotron/our_code/mel_output/nepali-mel-00937.npy',
'E:/newtacotron/tacotron/our_code/mel_output/nepali-mel-00938.npy',
'E:/newtacotron/tacotron/our_code/mel_output/nepali-mel-00939.npy',
'E:/newtacotron/tacotron/our_code/mel_output/nepali-mel-00940.npy',
'E:/newtacotron/tacotron/our_code/mel_output/nepali-mel-00941.npy',
'E:/newtacotron/tacotron/our_code/mel_output/nepali-mel-00942.npy',
'E:/newtacotron/tacotron/our_code/mel_output/nepali-mel-00943.npy',
'E:/newtacotron/tacotron/our_code/mel_output/nepali-mel-00944.npy',
'E:/newtacotron/tacotron/our_code/mel_output/nepali-mel-00945.npy',
'E:/newtacotron/tacotron/our_code/mel_output/nepali-mel-00946.npy',
'E:/newtacotron/tacotron/our_code/mel_output/nepali-mel-00947.npy',
'E:/newtacotron/tacotron/our_code/mel_output/nepali-mel-00948.npy',
'E:/newtacotron/tacotron/our_code/mel_output/nepali-mel-00949.npy',
'E:/newtacotron/tacotron/our_code/mel_output/nepali-mel-00950.npy',
'E:/newtacotron/tacotron/our_code/mel_output/nepali-mel-00951.npy',
'E:/newtacotron/tacotron/our_code/mel_output/nepali-mel-00952.npy',
'E:/newtacotron/tacotron/our_code/mel_output/nepali-mel-00953.npy',
'E:/newtacotron/tacotron/our_code/mel_output/nepali-mel-00954.npy',
'E:/newtacotron/tacotron/our_code/mel_output/nepali-mel-00955.npy',
'E:/newtacotron/tacotron/our_code/mel_output/nepali-mel-00956.npy',
'E:/newtacotron/tacotron/our_code/mel_output/nepali-mel-00957.npy',
'E:/newtacotron/tacotron/our_code/mel_output/nepali-mel-00958.npy',
'E:/newtacotron/tacotron/our_code/mel_output/nepali-mel-00959.npy',
'E:/newtacotron/tacotron/our_code/mel_output/nepali-mel-00960.npy',
'E:/newtacotron/tacotron/our_code/mel_output/nepali-mel-00961.npy',
'E:/newtacotron/tacotron/our_code/mel_output/nepali-mel-00962.npy',
'E:/newtacotron/tacotron/our_code/mel_output/nepali-mel-00963.npy',
'E:/newtacotron/tacotron/our_code/mel_output/nepali-mel-00964.npy',
'E:/newtacotron/tacotron/our_code/mel_output/nepali-mel-00965.npy',
'E:/newtacotron/tacotron/our_code/mel_output/nepali-mel-00966.npy',
'E:/newtacotron/tacotron/our_code/mel_output/nepali-mel-00967.npy',
'E:/newtacotron/tacotron/our_code/mel_output/nepali-mel-00968.npy',
'E:/newtacotron/tacotron/our_code/mel_output/nepali-mel-00969.npy',
'E:/newtacotron/tacotron/our_code/mel_output/nepali-mel-00970.npy',
'E:/newtacotron/tacotron/our_code/mel_output/nepali-mel-00971.npy',
'E:/newtacotron/tacotron/our_code/mel_output/nepali-mel-00972.npy',
'E:/newtacotron/tacotron/our_code/mel_output/nepali-mel-00973.npy',
'E:/newtacotron/tacotron/our_code/mel_output/nepali-mel-00974.npy',
'E:/newtacotron/tacotron/our_code/mel_output/nepali-mel-00975.npy',
'E:/newtacotron/tacotron/our_code/mel_output/nepali-mel-00976.npy',
'E:/newtacotron/tacotron/our_code/mel_output/nepali-mel-00977.npy',
'E:/newtacotron/tacotron/our_code/mel_output/nepali-mel-00978.npy',
'E:/newtacotron/tacotron/our_code/mel_output/nepali-mel-00979.npy',
'E:/newtacotron/tacotron/our_code/mel_output/nepali-mel-00980.npy',
'E:/newtacotron/tacotron/our_code/mel_output/nepali-mel-00981.npy',
'E:/newtacotron/tacotron/our_code/mel_output/nepali-mel-00982.npy',
'E:/newtacotron/tacotron/our_code/mel_output/nepali-mel-00983.npy',
'E:/newtacotron/tacotron/our_code/mel_output/nepali-mel-00984.npy',
'E:/newtacotron/tacotron/our_code/mel_output/nepali-mel-00985.npy',
'E:/newtacotron/tacotron/our_code/mel_output/nepali-mel-00986.npy',
'E:/newtacotron/tacotron/our_code/mel_output/nepali-mel-00987.npy',
'E:/newtacotron/tacotron/our_code/mel_output/nepali-mel-00988.npy',
'E:/newtacotron/tacotron/our_code/mel_output/nepali-mel-00989.npy',
'E:/newtacotron/tacotron/our_code/mel_output/nepali-mel-00990.npy',
'E:/newtacotron/tacotron/our_code/mel_output/nepali-mel-00991.npy',
'E:/newtacotron/tacotron/our_code/mel_output/nepali-mel-00992.npy',
'E:/newtacotron/tacotron/our_code/mel_output/nepali-mel-00993.npy',
'E:/newtacotron/tacotron/our_code/mel_output/nepali-mel-00994.npy',
'E:/newtacotron/tacotron/our_code/mel_output/nepali-mel-00995.npy',
'E:/newtacotron/tacotron/our_code/mel_output/nepali-mel-00996.npy',
'E:/newtacotron/tacotron/our_code/mel_output/nepali-mel-00997.npy',
'E:/newtacotron/tacotron/our_code/mel_output/nepali-mel-00998.npy',
'E:/newtacotron/tacotron/our_code/mel_output/nepali-mel-00999.npy',
'E:/newtacotron/tacotron/our_code/mel_output/nepali-mel-01000.npy',
