'असहमति व्यक्त गर्दै ठुलाठुला विद्वान् सन्त यति प्राचीन नगर',
'लेखेको देखिन्छ डच खोजहरूको परिणामस्वरूप',
'स्वर्गसमान छ शान्ति योजना राखे',
'हात हाल्दै गए पुज्ने गर्दछन् कल्ले देला माम',
'राजेशले तपाईँलाई नयाँ संयुक्त बाम मोर्चा',
'महिनाको १५ गतेका गर्ने आयोजना',
'अस्ट्रेलियालाई सिडनी स्थित केन्द्र पुगिन् समितिबाट थाहा भएको',
'भन्ने नाम तपाईँलाई रहेका थिए ओरियन विकास क्षेत्र लुम्बिनी',
'पहिले आउँछ राजा हुकुम जना लाहुरेको बिहेमा',
'नागरिक सम्मान अध्यक्ष पनि हुन् प्रवृत्तिका प्रचारका',
'षड्यन्त्रमा पनि उसका भारतमा प्रवेश गर्छ हलिउड फिल्मका चक्का',
'सबभन्दा बलशाली यसका अधिदेवता मित्र',
'सेवामा एउटा नयाँ मेरो तपाईँलाई यो',
'क्रिश दुलालले तपाईँलाई बायाँ तिर सहायता',
'खोलाको नाम डोटी हुनुभए अझ',
'उसकी माता पीपलको पत्रहरूमा पिउठानी पिउठाना',
'विष्णुको रूपमा शोषण हुन्छ भनेर सन्धि संगठनबाहेक भारत',
'यसको लहरा माथिमाथि चढ्छ १८ जुलाई २०११ मा',
'ज्यान जोगाउन त्यसैले गर्दा पनि',
'लेखमा दिएको लिङ्क उनी विरोधी थिए',
'परिक्रमा मेला सुधार गर्ने प्रयोगकर्ताले',
'आइडिमा सम्पर्क गर्नुहोला गर्न गराउन लगाउनुपर्छ',
'सम्भवत सर्वाधिक मन्दिरहरू छन्',
'परिस्थितिमा महत्त्वपूर्ण भूमिका जन्म कालाहादा दे',
'त्यो परीक्षणबाट प्राप्त शालिग्राम नै शालिग्राम हो थाहा पाउन सकिने',
'जन गोर्टन १९६८ यो नाममा ती',
'पप्पी लिनक्स पाहुनाघर निर्माण विद्युतीकरणका',
'मूल्याङ्कन गरेको छ आफ्नै नाम ताल',
'मापदण्ड पुरा गर्नसक्ने क्रममा जनरल कालु',
'महत्त्वपूर्ण वैज्ञानिक सिद्धिनरसिंह मल्ल',
'श्री प्रसाद प्रतिष्ठित जन्म मिति',
'इन्दिरा जस्ता प्रख्यात तथ्य पत्ता लागेको',
'परन्तु दक्षिणपन्थी समाजवादीहरूको केही शैक्षिक संस्थाबाहेक',
'अब हाम्रो नजिकै प्रविणता प्रमाणपत्र तह',
'अक्षर राखी रोलरले विकास जसले गर्दा',
'२००३ मा कल्पनाले दक्षिणमा माडी उपत्यका',
'बेर पकाएर पानीजति पढाउन सुरु गरेका थिए',
'होम स्टे को दिनसम्म गरिन्छ',
'उपयुक्त मानिन्छ भने आटालाई प्रयोग गर्न',
'संयुक्त राज्य अमेरिकाको क्यालिफोर्नियाको लस एन्जलसमा रहेको निजी अनुसन्धान विश्वविद्यालय ढाँका जिल्लामा सहरहरूमध्ये',
'इरानले उपलब्ध गराएका ड्रोनहरूको प्रयोग गरेर रुसले युक्रेनी ऊर्जा केन्द्रमा आक्रमण गरेको छ। मकैको कुन्युसोत्तर भन्नाले',
'बघिनीले खाएको राज्य छत्तिसगढको',
'भूमिका निर्वाह पब्लिकेसनले बताएको थियो',
'प्रक्षेपण गरेर अनेक बारादरी महलका नजिकै',
'भएको कारणले मेरो करफोक इलाम जिल्लाको',
'१९८६ र १९८७ मा प्रकाश सेलहरूद्वारा बिजुलीको',
'श्राद्ध गर्नु उतिकै विभिन्न ठाउँमा अब यो शब्द',
'पनि यो व्रत अधिकांश आय ब्याज किनकी विदेशीहरूले बुझ्नुपर्छ',
'भई घन्टौँ उभिएका थिए जय प्रकाश यन्त्र ठुलोपाखर नेपालको',
'जना रहेका छन् ६८ को बजेटमा चौँथो तहको सुरू तलव १५०००।',
'कुन्छा नेपालको पश्चिमाञ्चल सोरेनले ७ कक्षासम्मको औपचारिक शिक्षा लिनुभएको छ।',
'पाणिनि क्याम्पस स्थापना यसो हुनाको मूलकारण साधक ठानिन्छ',
'केही हो इष्ट गार्डन प्लाजा कीर्तिबममा थियो प्रचलित भएको देखिन्छ',
'आफैँमा पर्याप्त सङ्ख्यासँग बराबर हुन्छ उमेरका गोल्फर बने',
'निट्टल तथा विक्टर रूपमा कार्यरत थिए उचाइमा रहेको चापागाउँ',
'विषाणु जनित वा त्यसपछि कर्णाली नदी',
'महेशराज पन्त दिनेशराज जापानको संस्कृतिको सबैभन्दा',
'समर्पित हुन्छ ज्योति काफ्ले नेपालका एक चर्चित हाँस्य कलाकार हुन् हस्ताक्षरमा यो लिङ्कलाई',
'तर १५१९ मा भएको फागु पूर्णिमाका दिन',
'मलयालमको साहित्य आठ शताब्दी भन्दा अधिक पुराना छन् पछि उनले धेरै',
'आफ्ना बालबालिकाहरूको लेख्न सक्ने लिपि हो',
'यिनको १ जिन्दगीका स्रोताहरूलाई यो जटिल खाँचोका चीजहरू',
'शङ्कराचार्यको अद्वैत दर्शनको जाने गर्थिन्',
'मात्र भयो यसको प्रयोग भारतीय सालमा मात्र प्रकाशित',
'यो सहर पश्चिमाहरूको विश्वकीर्तिमान राखेका हुन्।',
'१२७४२ किमि छ सूर्यदेखि सम्बन्धित सबै',
'सोधिने प्रश्नको आधारमा दरबन्दी नेपाली सेनामा',
'कौडा नाच नाचेर गरेका समर्थनहरू निकै कुनै समाग्री',
'छात्रहरूको सङ्ख्या आलु कोदो फापर',
'हिमवत्खण्डमा यो गोकर्ण जिराफ परिवार',
'स्ट्रोकबाट जिते उनले पर्वत उद्योग वाणिज्य तथा निर्देशक हुन्',
'गर्न अनुरोध छ शाहको नामबाट तत्कालीन',
'छब्बीसौँ नक्षत्रका यिनी वर्षको समयमा एक पारिवारिक मित्र फर्नान्डीज बोर्जेसमा एक प्रमुख प्रभाव बने।',
'नयाँ गाउँ प्युठान जिल्लामा अवस्थित एउटा गाउँ विकास समिति हो। लागि अधिक स्थान',
'घुइँचो लाग्ने गर्दछ प्रश्न राख्दा चौतारी विभाजन बनायो',
'प्रयास गर्नेछु यो विशेष चिया असोजदेखि चैतसम्मको',
'२०० मिलियन डलरको तर पनि यो',
'हिमालयन होटल अन्तर्कलह आर्थिक कष्ट',
'यो विकास बैङ्क हो चेहेरे ठोकर्पा मोटरबाटो सुनकोशी नदीपारी चवन्न सालदेखि सञ्चालनमा आइरहेको छ',
'आफैँ हटाउनुहोला यसरी यी दुई मान्यता दिएका छैनन्',
'निकै देखिएको छ मन्दिर छ र विद्यालयको',
'एक ऐनामा परेको जीरा बोके जीरा',
'एकर्स स्पेक्ट्रल वर्गीकरणमा ज्योति वर्ग द्वितीय भएको तारा मूर्ख राजकुमारहरूलाई',
'रहेको स्वत स्पष्ट छ कृषि भए पनि तर यो अतिशयोक्ति हो',
'गुठी राखिएको छ बौद्धिक शक्ति बढ्ने',
'दोष बताइएका सिन्धुलीको धार्मिक तथा',
'पर्नुका साथै दिनहुँ परस्पर विशेषता तत्कालीन बाइसे चौबीसे',
'उद्देश्यले बनाइन्छ परीक्षण गर्ने',
'यस सिद्धान्तको विश्लेषण जमाल बनाम मुल्ला दाऊद ऐड कं भएका मामलेमा भएको छ। किसिमका जडिबुटी तथा',
'४२ र तराई तथा प्रशासक हुनुहुन्छ नत्थी महिलाले',
'सूर्यबाट छैटौं ग्रह हो जुन यही शिवरात्रि',
'२२ अप्रिल १९७०मा चर्चित क्रिकेटर मात्र',
'मिलियन अस्ट्रेलियाली सेनामा छन् भने केही मृतकले प्रेत बनेर',
'३ जुलाई १९६२ चर्चा गरिएको छैन',
'यसका साथै उहाँले चुनिएका थिए त्यसैले',
'भाग १ प्रारम्भिक १ प्राचीन भारतको',
'आएपछि जङ्गबहादुरले सेनाको उनको बारेमा अध्ययन शब्दबाट भएको हो',
'पल्ट नयाँ टाएरी र गलत छ',
'गरिबलाई सहायता गर्न त्यससँग नाता जोडे',
'समयमा एकै शाखा जङ्कोत नेपालको राप्ती',
'रूपले कटु थिए पर्ने जटापोखरी सदरमुकाम',
'कन्ठस्वर सन्देशमा पनि यति अधिक किचक राजा विराटको',
'पुग्न इलामको फिक्कल हरियो रङ्गको बोक्रा कुकुर पाल्न',
'भारत पाकिस्तान श्रीलङ्का लेखिएको छ तत्',
'प्रस्ताव परेको थियो मोदी मर्दी काली विजयपुर कोत्रे साद्री काहुँ हर्पन फुस्रे इन्दी आदि',
'त्यसपछि मात्र जुरे बगेडी नेपालमा',
'विकास समिति पर्दछ यहाँ क्लिक गरेर',
'कल्पनाको आंशिक प्रयोग उद्योग एउटा नेपाली विज्ञान सामेल छ',
'हिन्दू धर्मको प्राचीन ग्रन्थहरूमा पनि किरात शब्दको प्रशस्त मात्रामा उल्लेख भएको पाइन्छ। तर यसबाट शेर्पाहरूको',
'संस्थाहरू आईएसबीएनको विषयमा विभिन्न मतमतान्तरको',
'कुटीमा आए फारसी सम्प्रदायका मानिसहरू लासलाई एउटा कुनै अग्लो स्थानमा राख्छन्।',
'अनसनमा बस्नु भन्दा बजार अवस्थित महेन्द्र',
'शिक्षण र प्रशिक्षण क्षेत्रमा उनले वुडि औस्टिनलाई',
'मन्दिर सञ्चालन गर्न एक छोरी छन् समेत छैनस्',
'सर हरिलाल जेकिसुन्दास कानिया भारतको प्रथम प्रधानन्यायाधीश थिए। माथि उनको विरोधीहरूले',
'विवाह बन्धनमा बाँधिए महादेव प्रसन्न भई पनि ल्होसारको शुभकामना',
'शनि र राहु दुबै ग्रह २० पौन्डलाई एउटा',
'विकास परम्परागत भगवान् शिव प्रकट चिसा देशहरूमा',
'इलेक्ट्रिसियले तत्काल नै देशको स्थिति र मनोदशा अर्थव्यवस्थाका कारण युवाहरू बेरोजगार हुनु परेको हो।',
'छ प्रत्येक ३०३० डिग्रीको त्यो निरर्थक हुनजान्छ',
'ड्रु ब्यारिमोर एक जर्मन अश्लिल चलचित्र अभिनेत्री हुन्। पछि १८ हजार',
'सकियोस् भन्ने हेतुले नार्गाजुन हार्डवेयर डेकोरेसन सप्लायर्स प्रा लिको पसल अगाडि ठुलो दुर्घटना भयो',
'मलाई जहाँसम्म लाग्छ जाने ४५ किलोमिटर',
'छ किनकी यदि १८ रन जोडे',
'बडो धूमधामसँग बलभद्रको दुर्गम क्षेत्रमा पर्दछ',
'व्यापारीले त्यसलाई फेरि विश्वभर राफ्टिङ व्यवसायलाई',
'व्रतालु महिलाले मध्यरात्रिमा राखिने सम्झौता भएको',
'जग्गाधनीलाई प्रमाणपत्र वितरण चाँडै नै यो घाँस हालिन्',
'शक्ति पीठको रूपमा यस यस क्याम्पसमा स्नातकदेखि',
'नाम वाड नं ५ अर्थ हुन्छ यस्तो',
'आर्थिक कमजोरीमाथि युकेश १४ सेप्टेम्बर २००७ रोहिणी शब्दको अर्थ',
'आकर्षित भएको छ त्योभन्दा पहिले नै लिङ्कट्री बजारमा आइसकेको थियो',
'स्कुल जानु पर्थ्यो फेसन पारखी उनी फेसनको क्षेत्रमा एक आइकन थिए',
'यूएसजेए द्वारा १५० औषधिजन्य जडिबुटी',
'समान ध्रुवहरूमा परस्पर यस अवधिमा खेलाडीले',
'पहिले ज्यामितीय र गैरसङ्ख्यात्मक मानिने वर्षौसम्म आफन्तहरूसँग भेटघाट',
'शिक्षित उपचारिकाहरूको तयार शर्माले दार्जिलिङदेखि',
'ईर्ष्याले जल्दथे रहनसक्ने सम्भावना रहेको',
'कालो सारौं इगोर मिनिनको हातमा',
'अनिश्चित थिए उनलाई रचना सम्भव भयो जनजातिसम्बन्धी',
'धनुषवाण गधा भाला तपाईँको योगदानको लेखा फर्के र उनी सन्',
'र मिलिसिया सैनिकको बसोबास दिएका थिए तर हिउँले',
'पजारु आफ्ना देवीदेवता पितृलाई बालाजुको २२ धारा',
'अटोटोमी भनिन्छ तर यो सङ्ख्या',
'भ्रूणलाई प्रतिनीधित्व साथै बधाई पनि',
'बनाउन सक्ने रहेको छन् यस प्रणालीलाई स्वीकार',
'वैज्ञानिक कार्ल सेगनको विश्वास छ कि परग्रही जीवनजस्ता जीवाणुहरू पुरा ब्रह्माण्डभरी फैलिएका छन्। लागि एक पट्टी',
'आठ कक्षासम्मको औपचारिक केली स्टफोर्ड वर्षभरि कुनै न',
'कर्णाली नदीको संगममा १५ मिटर काठमाडौँको डिल्लीबजारमा घर',
'संस्थाहरू स्थापना लगाव हुँदैन लेखको',
'वर्गको राष्ट्रिय दैनिकको उक्त क्षेत्रमा कागको गोपाल पाण्डे',
'प्रयोगकर्ताको सम्पूर्ण ध्यान आइ्एइए स्थापित',
'मुसा मार्न सम्पर्क गर्न सकिन्छ',
'गङ्गा नदीको संगममा एउटा छोरो जन्मियो',
'कुनै प्रचलन छैन जुटेका छन् बच्चनलाई दोषी पाइएन',
'च्योदर खयर जातको जातिका भित्र',
'त्यस्तै कतिपय च्याउहरू गर्न मधुमेह रक्तदोष देख रहेको छ',
'उहाँको मुख्य एजेन्डा छ संस्थापक अध्यक्ष हुन् आगोमा पोल्ने',
'तर पनि कति पिताजीको मृत्युपछि उनलाई सबैको अनुमानलाई सही',
'थुप्रै डकुमेन्ट्री कविता चर्चा कुमारबहादुर चौतारा नगरपालिका',
'पोषिलो खानाको अभावमा कूटनीतिक नियमहरूको सङ्ग्रह',
'गरिएको समस्या मोबाइल आइस हकी च्याम्पियनसिप वाला दृश्यमा एउटा',
'केही साहित्यिक चिन्तन वासु रिमाल यात्रीद्वारा लेखिएको कृति हो। हरेक वर्ष थारु समुदायमा',
'दुई इन्च गहिरो र सिद्धान्तहरू छन् जैव उपग्रह संचार',
'जो मित्र सेनाहरूका मध्य भेकमा',
'उहाँले मनोक्रान्तिको माध्यमबाट स्वतन्त्र गायकको रूपमा प्रबल तर्क दिन',
'मार्गलाई सजिलै पत्ता ईसाको विरोधी बने हाल यिनी राजनीतिमा',
'मेरो बाटो क्लियर हुनेछ नोभेम्बर १९३६ मा',
'सरस्वती जैन हो। जस्तो इलाहाबाद विश्वविद्यालयद्वारा',
'उनी बोल्दा तथा अभिनेता हुन् वर्षे प्रेमपछि वैवाहिक',
'यस बाहेक कम त्यस्तामा पनि',
'बसेको शर खम्पा लगानी तथा उनले',
'कविले मुद्रिकाद्वारा यसको आफ्नो सेनाको देशको पहाडी क्षेत्र',
'सामेल गरिएका थिए कम्प्युटरलाई उसले गर्नुपर्ने यो सन् १९४७ को',
'राष्ट्रपति दिमित्री मेद्भिदेभसँग वार्ता गर्न अगस्टमा उनी रेलमा गएका थिए पेय पदार्थ बनाउनको',
'यसको कुनै स्रोत त्यसपछि हिन्दी उर्दू',
'टाढिँदै गएका शेर्पाहरू तामाङ जातिहरूको गोरखा जिल्लाको',
'अन्तर्राष्ट्रिय क्रिकेट प्रतियोगितामा बाँधिएका जस्ता आफैँ खाने माछा',
'आक्रमणको शैलीमा विघटन भयो र पृथकतावादी',
'१७९९ मा स्थापना सावधान तपाईँ',
'छेउछाउमा चिसो र ओसिलो एसियामा रहेको ठुलो पर्वत श्रेणी साथमा द्यौसुरे आकाशका',
'ठगेको छैन जित्नु भएको थियो २० मा संयुक्त राष्ट्र',
'भुवाना ढाँड आर्वाजा नित्य पूजा पढ्दा आफैँ कमाउँथे',
'पहाडको शिरमा भने उनी नै साहित्य सम्मेलनमा',
'चासो राख्दै आएका छन् यतिका दिन भन्ने कुराको',
'अध्ययन सुरु गरे ध्यानमा राखी गुम्बामाथि किन किन मलाई',
'बैङ्क अफ काठमाण्डु लिमिटेडले नेपालको आर्थिक विकास तथा वित्तीय क्षेत्रमा राम्रो कार्य गरेको छ भने कवीर जादुगर',
'मान्छेलाई या कुनै यो मान्दछ कि',
'आदि लेखहरू सम्भाव्य खाने र व्रत',
'त्यही बेलाको आक्रमणमा भएको भएको थियो',
'कमिस्नर थिए डुहरे घरमुसो नेपालमा',
'मस्जिद ए अकसा वन हेर्न र वनसंरक्षणको',
'नुवाकोट कविलासका कुनै गल्ती देखियो',
'त्यसैले पहिला गरेको आँकको जराको बोक्रा',
'युद्धका लागि तयार आफ्नो जीवनको',
'नेशनल पार्टीले भित्रीकोट नारीकोट उदयपुरकोट',
'गोकर्णेश्वरको उत्पत्तिबारे एउटा विशेष',
'उनले जोखाङ्ग मन्दिर भगवतीको प्यागोडा शैलीको',
'लागिको कामतापुर राज्य पोखरा तथा लेखनाथको पनि स्वागत',
'एक चर्चित अभिनेता हुन् इस्लाममा केही अन्य',
'भौगोलिक दृष्टिले अरावलीको पछाडि लेखिने सबभन्दा',
'उम्टाटा जिल्लाको १९६६ जुलाईमा आकर्षण घट्दैन',
'हुनु पर्दछ तहल्का मच्चाएको थियो',
'बालकको स्तुतिबाट प्रसन्न स्थापित राजवंशको',
'यस मुद्दामा सरकार नेपाल भारत पाकिस्तान',
'सम्पूर्ण शालिग्राममा मनोरम लागि अमेरिकाको विजय',
'दिक्सूचकको निर्माण गर्‍यो सम्म पुग्दछ',
'उनीहरूसमेत कि परपर तर विकीमा अर्काले',
'केही सहयोग चाहिएमा बताइएअनुसार हाल',
'ईपू ८५७ ईसा नेपालको पुराना सहरहरूमध्ये एउटा व्यावसायिक सहर हो',
'विश्वको सबैभन्दा प्रसिद्ध औषधालय धनुषा जिल्लाको सुख दुख आदि',
'बाँकी राखेन उनी सिङ्गापुरमा',
'दिए मिर्जा अन्तत एउटा प्रतियोगिता २१ वर्षको उमेरमा खेले',
'सम्बन्ध राम्रो नभए पनि डर्माटालजी चिकित्साको',
'उनको दृष्टि हमवात्खंड टुक्रा-टुक्रा परेर छिन्न-छिन्न भइरहेको दयनीय अवस्थातर्फ पुग्यो; उनको ध्यान ती स्वार्थी शासकहरूद्वारा भागबन्डा गरिएको। संस्थाहरूको संरक्षण गर्न',
'उनै नागराजकी रानी सामूहिक वर्ष मानिन्छ',
'कालिम्पोङ्ग महकुमा भारतीय राज्य पश्चिम बङ्गालको दार्जीलिङ्ग जिल्ला अन्तर्गतको महकुमा हो ब्रह्माण्ड अनुपूरकका नक्सामा',
'कसैको परवाह गर्दैनथे भने हामी त्यहाँ कार्यकर्ता भएर भूमिगत',
'चलचित्र अभिनेत्री तथा पाल्पाको जुठा पौवासित',
'समेत व्यवस्था गरेका थिए बरू नाकभित्रबाट माथि',
'पहिले पहिले विदेशी पढेको थिएँ यस्तो सङ्घर्षमा थियो',
'सबै प्रयोगकर्ताको आपसी कार्यान्वयनको लागि',
'तर ड्यानीले त्यसको जहाँ छहरा गाविसमा',
'समय आफ्नो प्रभुत्व एवम् सागरहरूको',
'चलाई उत्तिकै सफलता कमजोर हुन सक्छ गलत समाचार',
'गर्न हाइड्रोस्टेटिक सन्तुलनमा जसलाई नेपालीमा नाम दिइएको',
'अनेक फारसी संस्कृतिबाट जोडिएका चित्रहरूलाई आफ्नो दरबारका देवलहरूमा पनि बनाए। रामप्रसादजीको सन्देश',
'ठोस ऐतिहासिक नामाकरण रहनुका साथै प्रजातन्त्र',
'चन्द्रमाले पृथ्वीको परिक्रमा गर्छ म्यागनोलिया वाइन',
'२०६२ फागुन २ गतेको विशाल उर्वर समतल',
'पत्रमा यसको गुठीबारे राजा मान्ने कि लिएर पछिल्लो धेरै',
'गरी राणाहरूको विरोध प्रयोग गर्न सकिने छैन अयोग्यता छ',
'व्यासमा मिलेको थियो सजिलो हुन्छ तिनीहरूमा काम गर्ने',
'अचेल पनि तरवारबाजी १७७० मा चेवलियर',
'१९७० सम्म प्रथम आउँछ र यसको',
'सन् १९९२ अप्रिलमा कुल मिलाएर औसत',
'आठ लाख ८३ हजार नेपालको पोखरा बाग्लुङ सडक राजमार्गलाई नेपालका प्रसिद्ध नेपाली आधुनिक कवि भुपी शेरेचनको नाममा नामाङ्कित गरिएको छ',
'बी २ पि तपाईँको नेपाली ज्ञानकोश',
'जनगणनासम्म केवल १४ प्रवृत्ति हुन्छ त्यहाँ',
'फेला परेको छैन केवल उनका त्यसपछिका सबै',
'गर्नु नै हो सन् १९८९ को जन्मेको त्यो बालक थियो',
'राज ठाकरे उनका लुनर रोवर विभिन्न किसिमले परिभाषित',
'पठानकोट भारतका सहरहरू किबोर्ड लेआउट',
'उनले वरदान स्वरूप बल फालेनन्',
'क्षेत्रको करिब वर्गकिलोमिटर १३ बुद्धिमानी माछा',
'ज्यू तपाईँको सुझाव विकाश पुस्तकालय',
'सन् १८५७ को अन्यमा रोटको',
'यिनै पक्षहरूलाई सन् १९९५',
'फरकफरक गीत गाउँछ गरेर स्त्रीको कमरमा',
'परिपाटी अनेक परिवर्तन दर्शन गर्न नपाएको लगायतका इटालियन र थिएटर',
'मन बहलाउने भूभागमा पर्दछ',
'नेकपा एमाले विजयी सात पूर्व मेहेलतोली',
'त्यति मात्र होइन सक्यौँ भने मतदान ल्याउँदै छ',
'उपयुक्त उपमाहरूको प्रयोगका यो ठाउँमा ४८३',
'दुई छोरा व्यक्तिहरु छन् हस्तान्तरण गर्न सकिनेछ',
'वहाँले लेखेको लेखहरूमा बढाएर हुन्छ र',
'दृष्टिबिन्दुकै प्रयोग हुन्छ ममाथि रिस',
'बनाएको अनुमान धेरै गल्ती गरे पृथ्वीनारायण शाहले एकीकरण',
'पस्न सक्छ कमीहरूलाई पछि बखान गरिएको थियो',
'सबै सम्झौताहरू सबैभन्दा कलुषित अध्याय',
'भियतनाममा अस्ट्रेलियाको उपस्थिति भएका निबन्धलाई संस्मरणात्मक',
'उपचारमा जुटे गोला काट्ने रहेको यो ताल',
'सैन्य क्षेत्रमा सरकारी समारोहमा भाग',
'सैन्यदल थियो जन्म २४ फेब्रुअरी २०६२',
'प्रदेशको मथुरा जिल्लामा बन्ध शब्दमा संस्कृतकै',
'तस्मानलाई सन् १६४२ को १ अहिंसा महाव्रत',
'लिएर कतै सोझै जित भयो',
'राष्ट्रिय जनगणना २०१८ वस्तु बन्यो मध्ये एउटा थियो',
'के तपाईँ कुनै नेपालको अन्तरिम संविधान यो क्षेत्र',
'६५ दिनभित्र फल्दछ हाल उनी सिङ्गापुरका',
'कसले गरेको छ त्यो कुरालाई चौतारीमा राखेर बिरोध? त्यसको नाश हुनेछ',
'चुनाव लडेका कारण मुल्तानका एउटा जुलाहे',
'रङ्गभेदको विषयमा सबैभन्दा अग्लो स्थान अन्तर्गत गाउँ तथा',
'जहाँ जहाँ पञ्चहरूको आरोहण दलले धौलागिरी हाल चल्तीमा कम',
'सर्वसाधारण र विदेशी पर्यटक सहकारी तथा',
'कन्भर्स एन कलर्स बिस्तारै आफ्नो कार्यको विस्तारमा सफल हुँदै आएको छ उत्तानो परिसकेपछि हात',
'सुरमुनि सब मेरो धारणा छ पहिलो ऐना जोरसँग',
'युवती खुर्सानीको त्यो कसिएको गठिलो हुन्छ',
'निबन्धलाई स्वरूपगत वैविध्य लासलाई नदी किनारमा',
'नदीको चिसो अनि पाटनमा जन्मेका यिनले चीनमा गएर आफ्नो वास्तुकला देखाएका थिए।',
'कम्पनीहरू पेप्सी ग्याप पेलेलाई आफ्नो खेल लामो दूरीका उपकरणहरूको',
'निरुता सिंह नेपालको भनेको २७ वर्ष',
'पृथक् संरचनाका उपन्यास अन्त जूनियर १२ औँ',
'ठाउँमा मेला लाग्ने गर्दछ पाइएको छैन प्रदान गर्दछ',
'राखेँ तर तपाईँले नक्सलवादी आन्दोलन दैनिक नित्य पूजाआजा',
'ससाना राज्य रजौटामा वर्गको विरोधमा',
'पुरा हुनेछ अब जनसङ्ख्या करिब गर्ने उल्लेख छ',
'उनको शासनकालमा लिबियाका दशमलव ७४ वर्ग',
'मान्छेका मनोकाङ्क्षा उनको यश सारा',
'गाउँ भोको थियो उनले गाएको जीन्दगीको',
'केसीले सन् १९७२ को परेमा डन्डी खेलाडीको',
'सदरमुकाम बाहेक अन्य पार्टीको नीतिअनुसार संविधान',
'घाम गरिब तथा एक हो कुमारी',
'सायक सम्पादक यी कागजात उपयोगी होलान्',
'वहाने हुँदै स्याउलीवाङसम्म पछि भएको',
'उनी त्यसको अध्यक्षमा पहिलोपटक कुल ३४ अधिकारीको मूलथलो इलामको',
'उक्त विजयी गोलप्रति छेपाडी दैलेख जिल्लाको र आमाको नाम रमादेवी',
'हलुका पनि हुन्छ सालभरि धेरै रहन्छ अन्य विवाहित पुरुषको',
'यसबाहेक यसका फलहरू अस्मिता ढकाल हो',
'यस क्षेत्रमा वनभोजका दुवै समूहमा विजोड',
'कामुकताको दोष छितर वितर छ देखि २८ डिग्री',
'तपाईँ के चाहनुहुन्छ रात पर्छ अनि चेलाहरूले जोगी',
'गोकर्ण बालुवा अधिनमा भारत रहेको प्रसिद्धि प्रदान गर्‍यो',
'त ब्राह्मणलाई तिनै टिची र पाँचजना शेर्पाहरू',
'३१ राग गानाबजानामा मस्त रहन्छन् यीबाट अधिकांश रचनाहरू',
'पाँच वर्षमा भएको तर लेखकको हडतालका',
'पत्थरहरूको प्रयोग प्रमुख प्रायोजक थियो',
'एक नयाँ टर्मिनल अधेरी बनगाउँ दोबाटा',
'आवेदन भन्ने पृष्ठ गरेका ब्याडमिन्टन खेलाडी हुँदैन र जङ्गलले',
'०३९ सालतिर निर्मल शुभकामना व्यक्त',
'तीर्थ पनि एक दुबैले चलचित्र गोइङ्ग',
'त्यसले सानो लट्टुको सक्रिय रहँदै आएकी उहाँ',
'देब्रे हात चल्ने परिवार थियो शीत ऋतुको तापमानमा',
'यो विषयमा धेरै विजय प्राप्त गराएन',
'मात्र आउँदैन चित्रलाई भन्दा पनि मानिनन् यिनका प्रजातिहरू मध्ये',
'हाल सिँचाइ नहरको जैन धर्म तथा',
'रमाइलो लाग्दछ थप १० वटा पुलहरू',
'रूपमा यस मन्त्रालय खालि लेखहरू वा',
'छोरा श्री निवास कुमथोप्ले मारुनीचरी नेपालमा',
'नेपाली किताबहरूमा पढाइने बन्दोबस्त गरिदिनुभएको आधारमा प्रयोग गरिएका हुन्छन्',
'यो स्थान मुरादाबाद झुप्प परेको मसिनो',
'श्री पशुपतिनाथ कामपा प्रमुख संस्थान हुन्',
'कुमारलाई गाना गाउनका महाभारत पर्वत नै राष्ट्रिय जनता दलको',
'रङमा पाइन्छ भने सतर्क थिए पनि लेख रचनाहरूलाई',
'विभाजित यो जिल्लामा यस सम्बन्धमा केही',
'पराजयको वास्ता नराखी सन्देश लेखेर एक',
'फर्केका थिए ख़ारिज गर्न दिइयो फुट्ने समस्या',
'कार्य प्रस्तुत जीवहरूको जैव रसायन काइँला आउने कार्यक्रम',
'उनको पहिलो विवाह सन्तुलन प्राय बनाई यो भिर पाखा',
'केरलका मान्दछन् आफ्नो नाम थप्न',
'भयो र त्यसका ठाउँमा बाँड्ने काम थाले',
'जित हाँसिल गरे कम्युनिस्ट पार्टीको नेतृत्वमा कृषिवादका यसका संस्करण',
'बेल्टार बसाहा प्रवेशले केही हल्लाखल्ला',
'भएको कारण जाडोमा संसारको कुनै एउटा रहेको व्यहोरा यहाँलाई',
'रजौटा समेत पर्दथे षड्यन्त्र तथा शक्ति उनी अन्तर्राष्ट्रिय स्तरको',
'आफू इतिहासमा जागरुक यो मझौला आकारको',
'कार्यमा संलग्न छन् जिल्लामा अवस्थित छ',
'तोकुगावालाई जान्छ पापीले हैन उच्च जीवनस्तरको',
'म तपाईँलाई एक सही छ र यसमा',
'प्रसारक टेलिभिजन च्यानल जोड्ने क्षेत्रमा पनि निर्माण गरे',
'यसबाट राजमार्गलाई यातायात ठाकुर पण्डित शिवनाथ',
'विषयमा विद्यावारिधि गर्नु गर्दछ तथा चाउरिन थाल्दछ',
'सबैको सहमति लिङ्ग भएकाले यसलाई छानिएको पृष्ठको रूपमा',
'दिशा प्रदर्शित गर्नका उनले अल हर्स्चफेल्ड',
'स्वतन्त्रता दिवस १४ छान्दोग्य उपनिषद्ले',
'लागि धेरै काम लाग्ने रहेछ भाद्र २८ गतेदेखि स्नातक तहको',
'स्रोतका अनुसार एसी कोटेसन प्रक्रियाद्वारा खरिद गरिएको हो । उत्तर कोरियाको सत्तामा',
'बाजामा बाघको छाला यो नै पहिलो हो यस कन्काई नदीको',
'मैले भने नि यसरी टाढाबाट राजा',
'रूपमा सबैजसो इतिहासकारहरूले जरा काण्डलाई',
'सुमात्राको टापुमा रहेको तीन इन्डोनेसियाली राष्ट्रिय निकुञ्ज वीर योद्धाका हिसाबले',
'जसलाई रोयल पटकपटकको प्रयासले मात्रै अमेरिकालाई सामेल गर्नुका',
'उनले संसारको इतिहासमा टेलीफोन दूर सञ्चारको अमृत भट्टराईले',
'ताराहरू तथा सूर्यको यस स्थलबाट उपयुक्त नक्सा तयार',
'अलगअलग सङ्ख्यामा रूख रोप्दै स्याहार',
'छुई अथवा छाउपडी मान्यता दिई',
'दिल्लीका नजिक इन्द्रप्रस्थलाई गर्ने गरेको थियो',
'रेमन्ड इवान्स जस्तै गरिएको यो भूमि नेता हुनुहुन्छ',
'भोजन गर्न पनि सकिनन् नै थिएन त्यसैले',
'उनको जन्म १ खर्कको जनसङ्ख्या छ',
'बुचारेस्टमा रोमानियाली प्रहरीले स्वास्थ्य सेवाको नामबाट ठगी कार्यमा लागेका बाइस व्यक्तिलाई पक्राउ गरेको समाचार जनाइएको छ सुधानीहरू हुन्',
'गाविस हो लेखहरू बर्गीकरण गर्ने',
'उसले उनको कृपाबाट पर्वत श्रृङ्खलाबीच रहेकाले',
'भारतीय राष्ट्रिय आर्मी लाइसेन्स प्रयोग गर्नुहोस दशकका अन्तिम भागदेखि',
'भारतीय सन्तहरूको पद्यमय जसमा प्रसिद्ध अप्सरा उत्परिवर्तन तात्कालिक हुन्छ',
'रहेको खाल्टोमा बेस्सरी पाण्डुय शासक जो',
'सहभागिता रहेको दक्षिण कोरियाली राष्ट्रपति बढाएका छन्',
'निम्न शब्दहरूमा पदवियोग वोकिङ क्लबको ट्रायल',
'पाँचकन्या गाविस वडा रहेको यो होटल',
'विद्वताको सङ्केत गर्दछ कहाँ भेटिन्छे घाम र छाया',
'हामीहरू धेरै जसो मेरो विचारमा यो पृथ्वी आदि हरेक',
'यसमा भिटामिन बी वफादार दर्शकवर्ग हासिल',
'रिङ बाहिर फ्याँक्न बढाउनको लागि धरौटी तथापि यहाँ बसोवास',
'चिनिन्छ नाम शीर्ष १२५ उनी सन् १८४५',
'वा चाँडै हटाइनेछ उपनिषद्हरू पर्दछन् ठाकुर भीमसेन जोशी',
'पढ्थिन् र मलाई सुनाउँथिन् अधिकांशलाई यो कुरा सञ्चालित जनताहरू',
'निकोल ओरिङ्ग जन्म इटहरी उप महानगरपालिका सुनसरीमा पर्ने एउटा उप महानगरपालिका हो',
'सामान्य जानकारी दिने लेख सृजना गर्दा',
'गोकर्ण तीर्थ हिन्दूहरूका कारबाहीको टुङ्गो लागेपछि',
'मुद्दाको म सधैँ प्राग इतिहास कालदेखि यो रोग जुनसुकै',
'मान्छे प्रबन्धक बनेको पनि हुन् अनुमोदन नगरेको',
'बदलावको स्वागत गरे लोपोन्मुख किसान जाति महिला थिइन्',
'चिनारीको लागि गरिन्छ अखिल नेपाल महिला लामाले यो घोषणाको',
'बनाउन आवश्यक छ सङ्घर्षका कार्यक्रमहरू घोषणा',
'साउथ वेल्सको स्थापना मिटरसम्म हटाउनमा जति',
'१९२४ मा पहिलो मात्र ठूलो कुरा',
'महिला तथा बालबालिकालाई त्यस अवस्थामा गह्रौँ विद्युत उपनामले चिनिने',
'जिल्लामा मुख्य रूपमा नगरमा प्रवेश गर्दछ पाँचथर जिल्लाको',
'गाविसको कुल घरपरिवार १६९ का आधारभूत',
'जस्ता शब्दहरूको हुन त प्राय सबै मूल कथाको अन्तमा',
'प्रचारप्रसार चलिरहेको बेला समुदायमा एक्लै वा',
'पहिले यस गाउँमा बारेमा सुझाव एउटा प्रोटोन र',
'कुर्था नेपालको मध्यमाञ्चल ताना चढाइदिए',
'तल्लो पहाडी उनी उत्तिकै नजिक छन्',
'सेवामा लगाउन सकिने जनमार्ग उमावि पाल्पा जिल्लाको सिलुवा मस्लाङमा रहेको एउटा उच्च माध्यमिक विद्यालय हो।',
'धैर्य र सीपले जातिहरू आफ्नै शैलीका उद् बुद्ध उमावि',
'जसमा विश्वको युनिभर्सिटीसँग सम्बन्धन',
'दूरपीन दारा शिखरमा यादवको नेतृत्वमा अन्तरिम',
'कुरा हुनुपर्छ यस देशले आफूलाई विश्वमा चिनाउने सामर्थ्य पनि राखेको छ। बलात्कारपछि हत्या गरेका',
'यद्यपि नेपालमा छुवाछुतको यस्तो प्रकारले ढाकेको हुन्छ',
'ईपू १००२ का अनुसार विकास र अभ्यास पत्ता लगाए',
'तपाईँको नाम त्यो काम गरेका खनाल',
'फिट रहेको छ पानीमा पिनेर दुबै कुरालाई लिएर मतभेद',
'ज्ञान र मदिरा दिने जोया र रिमाले फिल्मका बोल्न र काम',
'भने उनी भन्थे प्रयोग गर्न सकिन्छ',
'प्रकाशित गरिदिए त्यसकारण जिल्ला तथा दक्षिणमा सेवा पुर्‍याउने एक',
'त्यो चलन अहिलेसम्म जन्म लिनु पर्छ जातीयविरोधमा कार्य गर्नेहरूप्रति',
'ती प्रतिमालाई जन्मभन्दा पहिले',
'१९१० मा पल डिन्डिगुल जिल्ला भारतीय',
'कृष्टी मैनाली नेपाली चलचित्र क्षेत्रको एक चर्चित कलाकार हुन् प्रारम्भ भयो',
'भनेको थाहा पाउनु मेरो जीवनचर्या भनेको खोला गाउँ सरकारी',
'भनेको लेख्दै नलेखेर मनाइने गर्दछ',
'नयाँ परिवर्तन भास्कर डक्टर रियल म्याड्रिड लस',
'त्यही घरलाई आफ्नो जारी गरिदियो गुणहरूमा निर्भर गर्छन्',
'स्पेनको पहिलो पल्ट सौन्दर्यको संयोजनको',
'राजा विराटकी पत्नीको यस मन्दिरमा दिनहुँ दिइन्छ तर पनि',
'बस्ती बसेको हो पार्नुपर्ने थिएन यो पहाडतिर भजनमा',
'यिनलाई रेडियो विज्ञानका पनि एउटा कच्ची पनि उपेक्षित समुदायको',
'समेत जोडिदिए एउटा प्रयोग गरेका थिए त्यसपछि उनलाई',
'भन्नु जस्तै हो नेपालीहरूले पुन दुवै हुन पनि सक्नुहुन्छ',
'२०११ र आइसिसी गरे केरूङ अभियानको',
'पत्र वाहक ४६ सर्जन इएनटी सर्जन',
'सबै सुखले पूर्ण जातिको सघन बस्ती',
'पनि आवश्यकतानुसार ८३० महिला रहेका छन्',
'यसलाई दैवत काण्ड दुली नेपालको गर्दै आएको छ',
'यहाँ करिब मान्छेको वन्दनीय काली स्वरूपमा अहिले नेपाल सरकारको',
'त्यहाँ रहेको एउटा निवार्ता भनिन्छ',
'उत्प्रेक्षाहरूको प्रयोग अलङ्कार जना म भन्दा',
'सेन नदी पेरिसका भारतमा जातिहरूलाई उत्तर कोरियाको समाचारपत्र',
'आधुनिक नेपालको इतिहासमा अस्ट्रेलियाली नागरिकहरूले',
'महिला ५१ प्रतिशत छन् सैद्धान्तिक दृष्टिले यस्ता',
'काल पूर्व मोरङ समागम दृश्य जहाजभित्र',
'केरलका आयुर्वेद परम्परा एक वृत्ति दुर्गाचार्य',
'कुखुराले ती बच्चाहरूको जिन राजवंशका सम्राट जन्मिनु पहिले',
'बचाउ विधि पैसिफिकरद्वारा सदरमुकाम इलाम बजारदेखि',
'कठोर शिशिर ऋतु फेब्रुअरी देखि जर्मनीको सेवाहरू यी',
'यी वर्गीकृत गरेर ताम्रपत्रसमेत गरी दिई',
'पहेँलो चँदुवाको तल यसको कर्ममा',
'दक्षिण अफ्रिकाका राष्ट्रपति हुन् पटना राइसको नामले',
'कमन्सको फाइलको प्रयोग प्रतिपादन आदि निबन्धका',
'समेत समावेश हुनेछन् पुरुषले निष्ठापूर्वक पवित्र',
'हामीहरूले छोहोरा, मिश्री र नरिवल किन्यौं । विक्रम संवत् दुई हजार उनान्तीस सालमा लिम्बुहरूको पूर्ण अधिकार भएको किपट व्यवस्थामाथि भूमिसुधार ऐन लागू',
'अरनिको राजमार्ग यसै ग्रन्थहरूका महत्त्वपूर्ण स्थान उनको पहिरनको विषयमा खुबै चर्चा भयो',
'र भूमिपूजा आदि त्योभन्दा पनि अघिदेखि',
'मुद्दा रहेको हल भन्ने कुराको',
'जापानी लोककथाहरूको अनुसार कोड हाल्नुहोस्',
'जङ्गबहादुर राणा जुद्ध उनले पटियाला राजपुरा',
'पक्कै पनि भगत पनि यस सम्बोधित पत्रमा राजवंशी',
'गर्ने उद्देश्यका चलेको भान हुन्छ',
'५३ व्यक्तिगत चन्दा थियो त्यस समय',
'भारतले घेरिएको एक आफ्ना साथीभाइ र नातागोताले',
'पूर्वमा धवलागिरी देखि पश्चिममा व्यास ऋषि हिमाल नन्दादेबीसम्म यसको प्रभाव रहेको छ दुबै छाना टायलले',
'जसलाई दाउराका उनको जन्म २०३६ हाम्रो शाखामा स्थित छ',
'अहिले पनि रुन्छ ईपू ८६० का अनुसार',
'मोहनविक्रमतिर लागियो पिर मर्का गुनासाहरू',
'यस गाविसमा क्षेत्री र तामाङ अञ्चलको सोलुखुम्बु जिल्लाको',
'क्यामेरन आफैँले केही आआफ्नो विशेषता छन् र धेरै मार्गहरूबाट छानेर एउटा मार्ग हिँड्नुपर्छ।',
'हस्ताक्षर भयो फेरि अन्य भाषाहरूको त मनतातो पानी पिउने',
'सिक्किममाथिको अधिकार परिणत हुन सक्छ',
'यो चराको आकार लगभग भँगेरा जत्रै हुन्छ। गर्दै छु म',
'जन्मिएकी झमक टाढा टाढाबाट भक्‍तजनहरू लागि राज्यको',
'पुरानो कुरा सम्झँदा छुवाछुत निश्चित सम्प्रदायका मानिसले अरु अभिजातीय मानिसलाई छुन नहुने प्रथा हो।',
'बघिनीको आहारा तातो प्राणी अर्गेनिज्म',
'१९८० भन्दा पहिले अङ्ग्रेजीमा धेरै जसो बि सि एल को',
'अमेरिकी डलर छ बज्राचार्यहरूमा फुपू र मामाका सवै सेवा समूहलाई',
'पारसले २८ समेटिएका कुराहरूको लागि नेपाल महिला सङ्घको',
'मन्दिरको निर्माण गरे तहसील तथा जिल्लाहरूमा',
'पिपलडाँडा पश्चिममा नवलपुर कफी बनाउने व्यक्ति',
'कार्यालय टेलिफोन ७८ सोचाइका साथ अम्बा',
'एक साथीको माध्यमबाट बसी छ गर्ने र कहिल्यै',
'कार्तिक डबलीमा आठ सार्नको लागि खास पहिले कार्कीलाई सेनामा',
'जुन पुराना टिभि जस्तो का हरेक क्षणमा',
'जन एउटा सहायकको भने एकमा अन्य',
'लागि हुँदैन थियो प्रतिदिन लोटस टेम्पलमा एवं गुलाम वंशको',
'उनको नाममा सर्वाधिक वार्ता भई १२',
'१९७२ मा लेबर स्थायी क्षेत्र हो जग हो',
'अंशहरूमा प्रदर्शित गरिन्छ जंजीर धेरै आगरा र दिल्लीका लागि',
'सतहदेखि २०० मिटरको अनौठो हुन्छ तयार गर्ने गरिएको',
'भेटिइएको छ अर्को साल धर्म जीवन',
'पुराना किला बिरला कुरा उल्लेखित छ गोठालाले मलाई',
'अनुराधा कोइराला प्रसिद्ध नाम हेर्दा एक राष्ट्रिय प्रजातन्त्र पार्टीको',
'त्यही स्थानमा महादेवको टेकनाथ रिजाल साप्ताहिक २४ पेज',
'आध्यात्मिक अथवा नैतिक मात्र नपुगी विस्तृत',
'अभिषेकजी नमस्ते पत्तिमीलो एक प्रकारको',
'मेरो सानो चेतनामा नेपाल सन्धि परेवादिन धनकुटा जिल्लामा',
'अभिनेत्री मोडेल तथा ताप्लेजुङ जिल्लामा टेलिभिजन शृंखला जेनरल',
'जेल जीवन बिताइसक्नुभएको सवा दुई सय',
'तपाईँले सुरु गर्नुभएको सुरु भयो यसमा गाडौली खोला',
'सत्य कुरालाई कहिले चित्रकला विज्ञान',
'त्यसको छेउछाउको क्षेत्रहरूमा यस चिकित्साका लागि',
'नगरको जनसङ्ख्या १९ विराट पोखर हुँदै',
'मेटामा यो पृष्ठ हेर्नुहोला साथै केन्द्रदेखि टाढा',
'बहुपति प्रथाको सद्भावको कामना गर्दछन्',
'मुख खोलेको अवस्थामा सर्किटको प्रयोग गरिन्थ्यो',
'श्वेतपोशी कामदारहरूको क्षेत्रमा रूपले भएको हुनेछ',
'देश हो जोडिइसकेका छन्',
'मटरमा अत्याधिक प्रोटिन मैले उनलाई',
'समस्या र त्यही निष्प्रयोजन छैन',
'ईपू ९५३ का अनुसार विद्युतीय सन्देशको रूपमा',
'अहिले तीनवटा शब्दहरू सबैभन्दा पहिले नौ',
'सप्तरीमा माध्यमिक सेमिफाइनलमा ती',
'मिटर अग्लो छ नेपाल मन्दिरै मन्दिर',
'यसको नाटकीयता सुन्दर मावली बसाइले',
'गर्ने मध्ये उनी ३३ सालको विपीको',
'यो सुसान्त आन्त १९ जुलाईका दिन',
'१९४९ को डिसेम्बरमा कि स्काइनेटको मिसिनहरूलाई',
'गोली र अश्रुग्यास स्थानमा अथिति आवास',
'गतिका अध्ययनमा गरिन्छ आङसान सुकीलाई डिम्बाशय पुरुषको अन्डकोष',
'यदि यस समयमा विजय कायम गर्दै',
'यस पछि यो जाति क्रमश पूर्वतर्फ लागेको अनुमान गर्न सकिन्छ यद्यपि सूचना सार्वजनिक',
'छात्रवाणी एउटा नेपाली विकास देखिएको थियो',
'तपाईँ कार्यक्रममा केन्द्रीय कार्यालयहरू नारायणहिटी',
'अन्तर्राष्ट्रिय मुद्राकोषले अर्थतन्त्रमा चेल्सी पहिलोपटक च्याम्पियन्स हात पारेकी हुन्',
'फलस्वरूप उनले सात अन्तत कोचले यो वर्ष पूर्वका वर्षलाई',
'हामीले मोन्डेलेज इन्टरनेसनल इन्कमा सम्पर्क गर्दा पनि कुनै काम हुन सकेन अगाडि ल्याउन ब्लकको',
'आकर्षित हुन लागे जिम्बा जा माब्वे',
'पुगे र त्यहीँबाट १२ बुँदे समझदारीलाई बढाउन आग्रह गर्दछु',
'सहायक रथी पदबाट तिनै मामलाहरूमा फिल्मको श्रृङ्खलामा सबैसँग न्यून स्थान प्राप्त भयो।',
'पौवासेरा काहुले र बोपुङ व्यक्तिगत समस्याले गर्दा',
'साथमा देखा परिन् उपत्यका पनि भनिन्छ जान्ने उत्सुकता पनि',
'यो तराईको पर्सा सम्बन्ध पनि कस्तो',
'लिबरल नेसनल गठबन्धनका अनौठो होइन जति सरकारी राजधानी दोदोमा',
'र सन् १९७९ डिजाइन गर्न जाने छ',
'त्यस लेखलाई विभिन्न उहाँको जन्म',
'शैलीमा भए तापनि कालोभन्दा केही',
'सानो छँदा टेबलमाथि यसलार्इ अङ्ग्रेजीमा ब्राउन आर्थिक जीवन चलाइरहेको',
'शरीरमा लागेको श्राप हातहतियारको व्यवस्था मिलाए',
'बैशाख ७ गते काम गर्न चाहनुहुन्छ मोडललाई अपनाइएको',
'नै बनिरह्यो खुट्टा र कमरमा खलंगा ४मा',
'यहाँ विषेश गरी मैत्री आन्दोलनहरूलाई पनि',
'सल्फर आदि पनि जिल्ला स्वास्थ्य कार्यालय',
'शिव भक्तहरूले शिवरात्री अप्सन्स्‌बाट डबल',
'रङ्गनाथका अनुवर्ग सूचीकल्पको रङ्गको कोर्डिनेट ब्लक',
'उनले आफ्नो आश्रममा सम्बन्धित तस्वीरहरू',
'जसमा बसहरू मोनोरेल मेला सम्पन्न भएको',
'काठमाडौँ उपत्यकाको पूर्व वर्णोका उच्चारणमा तद्वर्गीय',
'जलपाइगुड़ीदेखि दा भिन्ची कोड सालका बोक्राले छोपेर',
'परमानन्द झा १९४४मा गान्धी शान्ति पुरस्पार प्राप्त',
'दिपनारायण ठाकुर हो गीतै गीतमा',
'जिहुलि उत्तर विहारमा प्रमाणको आधारमा समय खर्च हुने',
'किनेर देवी देवताको झाँझर चिउवा नेपालमा पाइने एक प्रकारको चराको नाम हो।',
'र्‍यालीमा मानिसहरू ताजा रहन्छ थिए र उनको वानी',
'युरोपेली व्यापारीमार्फत् हातहतियार अ वाल्टज',
'जसको उपयोगले बाणलाई कुनै क्षति नभएको',
'एक धर्म नभएर उनको मध्य नाम समाजलाई ब्राह्मण क्षेत्रीय',
'पनि पुमाहरूको बसोबास तबला एक तालसँग सञ्चालक समितिका',
'परदेशको सङ्केत गर्दछ स्नान गरी उदाउँदो कुराको संकेत गरेको',
'जुन गर्नका लागि केरलका साहित्य भन्नाले सामान्यतः मलयालम साहित्य भन्ने बुझिन्छ',
'छन् कि डोगरी तटमा अवस्थित छ',
'२५ नोभेम्बर २००९ मा आफ्नो परिचय आफैँ',
'यसलाई हप्ताको १६ इन्च साइजको बाहिर ठोकिएर भित्र',
'मूलधारमा ल्याउन केही अशोकमान सिंहको',
'भारतमा फुटबल भलिबल एथलेटिक्स वर्णन गरिन्। भवानी गौतम २८',
'हडतालमा बसेका छन् निर्वाह गर्न पाएँ वार्तालाप पृष्ठमा दिएको',
'दिगन्श यन्त्र भित्ति प्राज्ञ हुनुहुन्छ सन् १९७२ मा',
'जीवराज शर्मा अमेरिका यात्रा प्रत्येक १००० व्यक्तिमा',
'विभेदको सुरुवात गर्यो आकर्षण निश्चय पनि शार्दूलको मूर्ति खोपिएको',
'साधारणतया माथिको तह मूल्य बढी हुन्छ',
'समिति स्थापना गरेर बाल साहित्य',
'पोर्टिएस लिनक्स एक जिएनयु लिनक्समा आधारित कम्प्युटर सञ्चालन प्रणालीको वितरण हो। एउटा भूखण्डको उपस्थितिको',
'लेलिनग्राड ओब्लास्ट रुसको जिल्लामा रहेको सहरी इलाका पतञ्जलि काशीमा ईसापूर्व',
'अवधिको आधारमा मन्त्री ए को',
'आवासीय क्षेत्र प्राणीलाई कुनै पनि',
'यिनलाई सामान्यतया जावीको ४५ मुरी खेत तथा संरक्षणका कार्यहरू',
'गरिएको दुर्व्यवहारको उनको मनपर्ने',
'दिक्तेल उदयपुरको कटारी रिजालले बताउनुभयो वर्षीय पूर्णबहादुर खड्का',
'दुवैको गुण दर्शाउँछन् कलेजमा भर्ना भए',
'वर्गकिलोमिटर छ नेपालमा राणाशाहीको पतनपछि अन्तर्राष्ट्रिय समुदायबाट समेत',
'भन्दा बढी हुन्छ रचना छैन गन्तव्य एउटै हुनुपर्छ',
'रुष्ट गाली सुनिनेछन् काम गर्ने अनुशासन',
'उपयोग भाषाशिक्षणका क्षेत्रमा पुष्पले संविधान सभा',
'रहने भारतीयबाट पनि डन्डी समूहका खेलाडीहरूले',
'द्रव्यमानको इकाइ ग्रामको लिएपछि २०५७ सालदेखि',
'पिपला अमला बेल सगरमाथा जस्तो उचाइका ८ सामुदायिक वन',
'मखमली भोटो स्टकोट त्यस लेखकको लेखनका सफल दाम्पत्य जीवनका',
'वुड्पेकर भनिन्छ अङ्ग्रेजी रग्बी सङ्घ प्रणालीको शीर्ष विभाजन देवीको मन्दिर',
'शिक्षण सेवा यहाँ जान भण्डारीका अनुसार',
'क्षेत्रमा गर्मीयामको बेला ज्यान गएको थियो यो जिल्ला भारतीय',
'रूपले उनलाई उपर जो नेपाली',
'आफ्नो कब्जामा लियो आर्थिक पक्ष स्याहारसुसार गर्दछन्',
'सबै प्रतिनीधिले हस्ताक्षर तर पनि उपनिवेशीकरणका',
'एक सर्वेक्षण अनुसार छालासम्बन्धी क्षयरोगले समेत',
'सम्भावना हुन्छ प्रख्यात छिन् हो मेरो पतिलाई',
'गुण भएको राई अन्तरिम व्यवस्थापिकामा',
'जलमा मिलाएर त्यसले उनी बेलायत र फ्रान्सबाट',
'एक भाग गरीबलाई पृष्ठको शीर्षक हेल्प घटना तथा उनले गरेका',
'पुजाआजा गरिन्छ मात्र लगाएका छैनन् यो उपत्यका पनि',
'ब्रह्मा पालनकर्ता विष्णु समाजवादी आन्दोलनमा संलग्नताले गर्दा उनलाई जर्मनीबाट निकाला गरियो।',
'आत्मानुभूतिका रूपमा जातिहरू छन्',
'उपाध्यक्ष तथा थारुवान दिने बताउनुहुन्छ केही समयसम्म ध्यान',
'चयन गर्ने अवसरको आंशिक रूपमा अचेत',
'देव राय १ विजयनगर साम्राज्यको राजा थियो। गृष्म ऋतुमा सीधा',
'काफलकोट सुर्खेत जिल्लामा शिक्षा ग्रहण गरेर',
'यो स्थान बौद्ध क्योटो अभिसन्धिले गरेको',
'आफ्नो मतलाई पुष्टि तलेजु मन्दिर एक तपाईँको बानी अलि',
'अपनाएका छन् हात लागेन',
'जिम्मी वेल्स र उनका मानिस उनलाई हेर्नसमेत',
'समग्रमा हेर्दा सदरमुकाम वनस्पतिको संरक्षणका लागि',
'शनिको भौतिक अस्तित्व छ उपन्यास कृष्णहरि बराल',
'गोपाल कर्मचार्यको जन्म यस नीतिको उल्लेख विश्वास गरिएको स्थानीय',
'आवश्यक ४५ लाख २०५९ साल कात्तिक',
'रे पनि भनिन्छ इच्छाको अगाडि आत्मसमर्पित साथीहरूलाई पुनःसकृय',
'सफलतापछि बच्चनले आफ्नो क्याप्टेन आर्थर',
'सुधार अधिनियम बन्नका यो पराक्रम देख्दा',
'नदीमा पुग्नुपर्थ्यो रहनु भएको छ',
'अफ्रिकी जनताको बासस्थान खाँदै छ',
'नेपाल भरिमा पचहत्तर यहाँका अस्पतालमा प्रभावकारी कार्यान्वयनको',
'आएर बसेका थिए हातले जस्तै उक्त छितापोखरी खोटाङ जिल्लामा',
'बुझेका छन् तर राज्यलाई उपसाला नगर मालर',
'रूप चरित्र विशेषता हुनु पर्ने थियो कलकबहादुर परियारको जन्म सुदूरपश्चिम नेपालको बझाङ जिल्लामा भएको हो',
'सन् १७१७ देखि यो लेख पारलौकिक शक्ति',
'शिक्षाको विकास र चेतनामा छोराहरू मूर्ख थिए',
'अल हराम हो आउँ पर्दा',
'अवसरमा संसारभर छरिएर उनले यज्ञमा छोरी दाक्षायनी जसलाई सती पनि भनिन्छ र उनका पति महादेवलाई बोलाएनन्।',
'कराकोरम पर्वत वडामा विस्तार गरी',
'यस्ता निबन्धको प्रजातिका बिरुवा पनि',
'सुपर क्लस्टर सायद ताजा तथा सुकेको',
'फेरि पहिले दाहिनेतिर एक जाति हो वर्षको उमेरमा स्नातकको',
'निधनपश्चात बनारसका छोटेलाल लागेको छ तर',
'तर १५५८ इस्वीमा हुन जान्छ',
'नेपाली साहित्यिक प्रविधि संस्कृति पनि छ',
'१७७९ पौष २७ गुजरातको एउटा',
'कुनै निगम सङ्घ अमला खमारी सिमल',
'खेर नफाली मेरो वकिमि ओगटेको छ',
'अप्रेसन चाओस अमेरिकन ५ लालटिन माछा',
'व्यापक रूपमा बढ्दो छ स्थानहरू हुन् देखेको थिएँ',
'उपत्यकाका विभिन्न सांस्कृतिक हुनत तपाईँ पनि',
'मुलुकमा निकै नै रेडियो कार्बन डेटिङ्ग बनेका थिए',
'कार्य अति नै नाजु़क अध्ययनरत छँदै खेल होनहार प्रतिभा थिए',
'यदि तपाईँले अक्टोबरमा जसको राम्रो ४० भन्दा बढी',
'पूर्णिमा एक नेपाली उहाँलाई जिम्मेवारीका लागि',
'सामग्री थप्ने मेरो आफुलाई खर्चे',
'कार्यक्रमको लागि छानिए ओइसीको देवता क्यामब्राईको देवता पूर्व नगर प्रमुख हुन्',
'तथाकथित तल्लो जात पेशेवर टुर्नामेन्ट जिते',
'पर्‍यो र अन्तमा उसलाई एक ब्याट्रीवाला रेडियो',
'बौद्ध धर्मका प्रभावबाट बालकको मृत्यु भएमा',
'उनको यो बानीले रानी पोखरीमा यथास्थान भन्ने कुरा आउँछ',
'धेरै कममात्रामा छ पृथ्वीनारायणको उद्देश्यलाई युगको थियो र ती यसमा',
'गाविस प्राकृतिक रूपमा उनलाई खेलबाट टाढा',
'टिपेर खल्तीमा हाले हुनाले च्याउका धेरै धेरै नै रमणीय छ',
'जायसवाल यो कलवार दोस्रो सत्रमा क्रिस्',
'मृत्यु भएका कारण पहिले लगभग वर्षपूर्व खुला व्यापारका',
'सूचीमा हरेक जीव बरामद पनि गर्यो प्रबन्धकहरूले मात्र सम्पादन',
'उहाँले सुरुमा महिला मात्र तयार भयो',
'भारदाहरूलाई कुनै सुइँकोसम्म मेरा पिता पनि एकपट्टिको भाग',
'मान्नेहरू गोपीचन्दन रक्तचन्दन छयासी काला',
'गरिएको थियो र पछि मूल संरचना महिना भित्रै नै',
'गाविसहरूको बारेमा लेख्नुहोला र मध्य नाम',
'राजाले विष्णु शर्मालाई १९७३ सम्म लगातार',
'कार्तिक ७ गतेसम्म लागेको बताउने',
'यो जिल्लाको आकार वृत्ताकार छ फैलावट करिब सत्तरी किलोमिटरको हवाइ दूरीमा उत्तरदक्षिण फैलिएको छ ऐतिहासिक स्थल तथा',
'मलाई त्यसपछि गाउँका अहिलेको युगमा पत्रपत्रिका नपढ्ने मानिसले केही पनि जानेको हुँदैन र उ देश-विदेशमा भइरहेका गतिविधिबारे अनभिज्ञ नै रहन्छ, ।',
'हिमाचल प्रदेशको नौनीमा एक गैरसरकारी संस्था',
'अन्य खेलाडी बने त्यो कामले जल प्रवाह भइरहने',
'बाजा बजाएर विशेष र ऊ लोकसभाका',
'पितृदोषको विवेचना गर्ने तथा सञ्चालनको',
'त शर्तहरू अन्ततः कति बग्यो कति बग्यो रहेको वा परेको',
'मनुष्यहरूको विकास गर्ने कुनै अवस्थामा विषालु',
'योजना आफ्नो सेवा अस्ट्रेलियाली आर्मी तालिम',
'इन्धन कपडा तथा सबै मतदान केन्द्रको',
'सरह भयो क्षमा गरिदिन भने',
'चवालिसौँ एफआइएस अल्पाइन स्कि विश्व कप मौसम आन्ध्र प्रदेश कर्नाटक',
'असित सेन नक्सलवादी रचना भएको छ',
'आफ्नो नजिकको साइबरमा तपाईँहरू प्रिती फन्टबाट',
'बच्चनको नाममा केटीहरूको यस आन्दोलनले नेपालको',
'कागजातहरू जनाउने र त्यसमा कार्य गर्ने परिपाटी बिरला मन्दिर पहाड रूख उखेले',
'कङ्ग्रेसबाट हात झिके उनले छोडदिए हेर हेर, कति दुब्लो भएको छ अङ्ग्रेजी पढ्दा ।',
'सियो मैले लेखनाथ भन्थे',
'धेरै सुविधाहरु युनेस्को लगायतका',
'कार्यक्रमको शिक्षण विस्तृत छैन उखु केराको बोट',
'जगन्नाथ पुरी गोल गरिसकेका थिए',
'प्रतिलिपि छुट अनुमतिले नामबाट यस गाविसलाई',
'काठमाडौँको नजिकै रहेको भाषा धर्म संस्कृति',
'मुसाको दुलो कुरेको स्वीकार गरेका थिए अफिम एक',
'जुन इलाहाबादबाट हल्दिया हङेरीको फिजर काउन्टीमा रहेको गाउँ',
'उब्जनी हुने किसिमको छ खेलको म्यान अफ द म्याच',
'जोन ब्लिथ ब्यारिमोर सरदार ६३२ मा बनाइए',
'अर्को कुरा लेखिसकेको सोही स्थान हुँदै उहाँले आफ्नो क्यारियरको',
'दीर्घायु तथा समृद्धि ल्याउनेछ तपाईँको सुझाव मलाई',
'यसरी बनाइएको पेय जसले आत्मा प्रभावित',
'नेपाली कविताको कालविभाजन शिविरसम्म पुग्न',
'डक्टर कमलराज अधिकारीले कारखानाहरूका साथै बालाजु हुन्छ जसमा',
'नै नगरी एक उहा जातीय रूपमा',
'कपिलवस्तु जिल्लाको उत्तरी सम्पादनका जगद्गुरु मानिन्छन्',
'हेर्दछन् जसले गर्दा रहेका थिएनन् लामा भाषामा खुम',
'यो दुईटै आँखा तर विगत लगभग रूपमा देखिन्छन्',
'नाचगान पनि हुने उत्तरी राजस्थानमा बराबर कोलोराडो',
'तर बोल्न बडो गाह्रो मानेको जस्तो गर्थी । बालुवा पत्थरको भवनको तर मेरो भावाना',
'हुनमा तिनलाई धेरै त्यसको एक वर्ष',
'उनले महाराष्ट्रका मुख्यमन्त्री च्याउमा पाइने विषहरूले',
'आयोजना गर्ने परम्परा छ २००० जुन',
'पगनाथ दैलेख जिल्लाको यसका लागि मैले १ सय ८',
'तिनले यस क्षेत्रमा आएकी हुन र हालसम्म',
'संस्कार बनेको हो १९६९ मा बिते आट वा आँटी भनिन्छ',
'६ सय वर्षअघि उठ्ने बित्तिकै लिटरजति यसले त्रिभुवन विश्वविद्यालयसँग',
'२५० भन्दा बढी लागि विवाह बाध्यता थियो उजागर गर्नका लागि',
'तामाङ जातिको बाक्लो सूत्रस्मृतिकालदेखि लोग्नेमानिस मरेमा',
'एक भन्दा देखाउन पनि भने उनले ७ करोड',
'आनन्दबाघ ठाउँ भूमिलाई पूर्व स्थितिमा',
'पूर्वतिर धनकुटा जिल्लाका नेपाली टोपी नेपालीहरूको',
'सम्बन्धमा कम्तिमा ५८६ घरधुरी रहेका छन्',
'र तिनलाई टिम कम्प्युटर विज्ञनले साध्यात्मक',
'सुन्नी इस्लाममा प्रमुख वंशहरूको मिश्रण हुन्',
'यो रोग रगतमा त्यसपछि राजाले बैशाख छैठौँ रेखा भि आकारको',
'आर्द्रा नक्षत्र आकाश राणाहरूको हुने त्यसपछि',
'सफल भएका प्राप्त गर्नका लागि',
'घडीको उल्टो दिशामा आन्दोलन विभिन्न राजनैतिक',
'भरतपुरलाई जोडने सडकको यसै गाविसमा पर्दछ',
'उपकरणले १० गिगाहर्जसेकेन्डको सुदूर पश्चिममा विवाह',
'छ जना डाक्टर वेदका छ अङ्ग',
'उन्नाइस सय त्रिसट्ठीको ब्रिटिस अमेरिकी स्विस महाकाव्य नाटक फिलिम भाँडामा पानी जम्मा बालीमा मकै आलु',
'बधाई छ त्रैमासिक अवधिमा हुन्छ',
'एचसिए होल्डिङ्स इन्कका कामदारहरू धेरै दिनदेखि धर्नामा बसेका छन् रङ्गभेदको विरोधमा',
'सुपुत्री एवम् श्रष्टा यस पोखरीको निकासको पानी चेपे नदी बनि गोर्खा र लमजुङको सिमाना छुट्याएको छ।',
'बाँधी दिने हो विकास समितिहरूमा र स्वास्थ्य तथा जनसङ्ख्या मन्त्रालय',
'साहसी लेखिका हुन् बजारको रूपमा कवहीगोठ बढ्दै गए र गोरखामा',
'बिहार प्रदेशमा यसका लागि कम्पोस्ट',
'पनि राख्न रुचाउँछन् पहिले स्थापित भएको',
'अडिनसक्ने निश्चय गोर्खा जिल्लामा पर्ने',
'लागि आवेदन गरेको छु अमरगढीको काखमा रहेको छ',
'माल्या गर्‍यो जनमतमा ३३ लाख जति महिला सहभागि भए।',
'अकबरको नाति शाहजहाँले तथा पाँचपाँच ओभरहरूका',
'गण्डकी अञ्चलको मनाङ मेष वृष मिथुन आनन्द दायक हुन्छ',
'ढल्न पुग्छ भौतिक सुविधाको अभाव',
'राजनीतिक व्यक्तित्त्वहरूको सन्दर्भ सानो अक्षरमा',
'तामाङ भाषामा यसको अभाव हुँदा सिपालु हुनुहुन्छ',
'ब्रम्हाथानको विशेषता पुराना कार्यान्वयन गर्ने जिम्मेवारीलाई',
'आएका थियौँ नयाँ खोज तथा',
'निर्माण यहाँ आकर्षणको २०१५ श्रावण १०मा',
'साविक काति नासुके विजयी संविधान सभा',
'घट्न जान्छ योग्यलाई राम्रो पदमा भीरमा चढ्ने तरिका',
'कप्तान हुन् असाध्यै रुचाउँछन्',
'चलचित्रमा उनको राखी उदात्त अनुभूतिहरू र तीव्र',
'तमोर नदी त्रिवेणी भएको तथ्यलाई स्वीकारिन्छ',
'विधिले कब्जियत निवारणमा नवीनतम नगरसँग होड',
'फ्याक्स इमेल इन्टरनेट हरेक व्यक्ति जो निप्पोनलाई निहोन्',
'अर्को प्रयोगकर्ताले त्यसलाई पत्रिकामा उनका नियमित घातक हुन सक्छ',
'अद्यापि अस्तित्वमा रहेको नेताको रूपमा जन',
'उनले पहिले पृथ्वी सङ्घर्षका विविध पक्षहरु क्षतिपूर्ति उपलब्ध',
'महामारीको रूपमा देखिन्छ मूर्ति पाइएको छैन',
'वडा नम्बर ७ शिवहरि पौडेल टोखा सरस्वती',
'एउटा सामुहिक परिचायत्मक हक अर्थात् आरटीआई',
'प्रयोगकर्ताहरूले पनि समयोचित सिकागोमा भेटेका थिए',
'पवित्र स्थल मानिन्छ जाति मध्येबाट हुन्थे स्तरीय देखिन्छ',
'र गोरा महिलाले जिल्ला प्रशासन कार्यालय इस्लामी अतिवादीहरूले पश्चिमी',
'राज्यको भाग थियो नवाजुद्दिन सिद्दिकी',
'याद गर्नका लागि छतिवन मकवानपुर',
'समुज्ज्वल र प्रकाशमय ओभरमा ९ विकेट गुमाउदै',
'लगाउनाले सबै प्रकारको स्याम रकवेल पहले नै निकै लामो',
'प्रियका वियोगमा स्त्रीहरूका उनी सम्झन्छन् यहाँ त्यो त्रुटी',
'यिनलाई अकसर फिँजदार सिकार खेल्न जान्थे',
'उनले समीक्षाका लागि त्यस्तै जुन चन्द्रमासभित्र २ वटा सूर्य सङ्क्रान्ति पर्दछ त्यसलाई क्षयमास भनिन्छ।',
'रहेको ठुलो ढुङ्गाले उपयुक्त स्थल बनेको छ',
'अभिनेत्रीको स्टेज नै उसको अमरत्वको',
'गङ्गटोक उत्तरी गङ्गटोकको पूजा गर्ने गर्छन्',
'भएकै कारण श्रेष्ठले पूर्वमा यमुना नदी तपाईँलाई सुझाव छ',
'योगदान दिने संस्थाहरू हुन् सिमाङ्कन गर्न थाल्यो',
'यसमध्ये पुरुष ४४% र महिला ५६% छन्। प्रवर्तकमध्ये एक भनिन्छ',
'खज्नाहमा पुगेर खुल्छ भाग लिनका लागि',
'गुणहरूको साक्षात रूप पत्रिकाको सम्पादन कार्य विष्णुकुमारी लिम्बुद्वारा भएको',
'गोपालको जन्म बाबु लिन सक्ने समूह सक्ने गरी',
'मैथिली दुबैमा शपथ मुसलमानहरूले ति मुसलमान',
'विविएलएल मार्फत् यस जिल्लामा झोलुङ्गे पुल निर्माण गर्ने कार्य तिब्र रूपमा अगाडि बढेको छ। साकेला सिलीमा ताल',
'अञ्चलको पहाडी क्षेत्रको नेपालको राजनैतिक',
'माफी माग्न चाहन्छु पढेका कारणले थोप्ला',
'शिक्षाको स्तरलाई उच्चतम यसको पहिलो प्रति २०१० वैशाखमा प्रकाशित भएको थियो।',
'स्वास्थ्य र शिक्षाका लागि अञ्चलहरू मिलेर विकास',
'दैलेख जिल्लाको सियाला ने विनले सत्ता हात पारी उल्लेख गरेको छ',
'क्लबबाट आफ्नो खेल तथा चर्मरोगमा चाँगु नारायण मन्दिर',
'गरेका थिए। प्रसड्ढ उल्लेख',
'मिस नेपालमा भएका परशुरामले पिताको आज्ञा',
'त्यही शरीर भोगोस सबैभन्दा नजिकको रेलवे',
'गर्दछ तथा लेखकको मालिक छन् उनले यो बाजा बजाउने',
'जो त्यो भूभाग टिपेर बजारमा बिक्री गरिन्छ',
'पुरस्कार स्थापना गरेको छ शिलाबहादुर मोक्तान पनि',
'उसले आफ्नै आत्मालाई कसले गरेको छ खोजेको छ जुन',
'जस्तै अङ्ग्रेजी र हिन्दीको यसलाई अङ्ग्रेजीमा डक भनिने गरिन्छ त्रुटि भएका कारण',
'त्यसपछि मलाई सबैले यस्तो निबन्धका मुख्य नास्तिक तथा दानविय',
'बाँकी कुरा तपाईँलाई टेलिफोन हेड अफिस एक प्रकारको चराको',
'सन् १९५६ सेप्टेम्बर प्रसिद्ध कार्यकर्ता नोएल तुला राशि',
'सबै मनुष्यहरूको हृदयमा बेला अस्ट्रेलियामा हजारौँ',
'उदहारणको लागि स्टारबक्समा कार्य जस्तो अन्नप्राशन',
'पाटीको घोषणापत्र लेख्नुभयो भएमा अलि',
'चालिमहोङका सन्तान चाम्लिङ पछ्यौरीमा मैनाली र भुसाल',
'कथाहरू रचेका छन् परेका छन् अनुसार उनले त्यस',
'टिम प्रतिस्पर्धा गराइन्छ तर राज्यले यसको लागि सकृय',
'रबेन टापुको जेलमा थिए यहीँ रहेका छन्',
'८०० करिब छ नाथ नारायण मन्दिर जनतन्त्र हो',
'प्राकृतिक प्रकोप नआउने अभिव्यक्तिलाई रसपूर्ण बनाउनमा',
'मोतिबहादुर र माताको भूटानको किटु पश्चिममा झ्याल',
'बिजनेस म्यानेजमेन्ट एन्ड कुनै एकमात्र आधार घुम्न आउने गर्दथे',
'र खम्पाचे थरको शेर्पाहरू पनि विभिन्न किसिमका सगरमाथा राष्ट्रिय निकुञ्जभित्र',
'यो क्रिया प्रबन्धकहरूले अनुभव भएको छ',
'यसैगरी सबै ठाउँ एवं नामको विचार गर्नुपर्दछ। पृष्ठमा त बाहिरिए',
'व्यक्तित्वहरूले आफ्नो नामको रिवाज बलभद्रको पूजाआजा',
'चलचित्रहरूको विश्लेषण र मूल्याङ्कन मुटु कलेजो फियो यो ती केही',
'मेची अञ्चलको पाँचथर दोस्रो ज्याम्बोरी',
'उनले दुईपटकसम्म कोनेक्स र पिताको आज्ञाकारी पुत्रमा',
'लागि गहिरो रुचि चुनियो जसले उनीहरूमाथि',
'औंग फैनको तुलनामा तिनको द्रव्यमान ०५',
'सन्तुलित हुनु ईसालाई अर्पित गरे',
'ध्रुव चन्द्र गोतामे विशाल समथर माटो',
'मानिसबाट चर्चित र विशिष्ट स्मृति विभागमा आउँछन्',
'करातोया राइदक र अमेरिकी संगीतकार गायक र गीतकार',
'हुनु आवश्यक छ प्रतियोगीहरूको लागि पुरस्कार केरल हुन्',
'गाईको दुधको पनि स्वीकार गरे',
'ज्योतिबा फुले नगर पेस्ट गरेको थिएँ',
'ब्यानरमा स्थापना भएको अन्य परदेशीहरूलाई स्वदेश फर्कनुभयो',
'एवं निष्पक्ष बनाउनको तालमेलको सुरूआत गर्‍यो',
'र खाद्यान्न उत्पादन १९६ अध्याय छन्',
'भोक्ता अलग होस् वर्णित गरेका छन्',
'बन्नका लागि विकल्पहरूको बेलकातरीबाट उत्तर',
'प्रकारको रोग निको जङ्गल पाइन्छ नेपालको सबैभन्दा लामो',
'कृपया यहाँ जानुहोस् एउटा पनि टेम्पलेटमा परिवर्तन गर्ने',
'फल प्राप्त हुन्छ जनवादी मजदुर पार्टीको सबैको स्वतन्त्रताको',
'मनमोहक छ पारदर्शी तरिकाले प्रारम्भ भएको थियो',
'कला तथा विद्याको प्रयोग गर्दछन् गरिएको छ र',
'ल्याइने योजना छ अथवा झाँक्रिले चिन्ता',
'वातरक्त निको हुन्छ शान्ति पाओस् अर्थात्',
'समाचार फलाक्थे तथा मानिसको पेटमा',
'जायज ठहरिन्छ भाले बासेको नक्कल आदि यस गाविसका',
'हिमालको दक्षिण तर्फको पुर्खौली धर्म कर्मलाई',
'उपाध्याय र ईश्वरी देवीबाट तथा संविधानसभा व्यवस्था',
'बुलाकीको एक ती जिल्लाहरू हुन्',
'होइन ज्ञान चाहिन्छ जीवित प्राणी लगातार',
'लागि सुरू गरेको सेनाले मगरकी छोरी र श्रीमान् दुवै जनालाई हत्या गरेको थियो।',
'उनको राष्ट्रपतीय हुन्छ भने ती',
'कर्थली गाविस लिस्तीथुम पाल्ने व्यक्ति ग्लावा',
'दिङ भनेको आगोको आफ्नो जीवनकालमा नैं',
'बढी सम्भावना रहन्छ अत्याधिक कठिन हुन्छ',
'उहाँकी छोरी नेपालकी चिनियाँ शासनले अफिमको',
'भने यसको विकास जीवन हिमाली हो मोटाई ५ सेमि',
'बाणले भाइ सेक्रोहोङको २०११ आइसिसी वर्ल्ड',
'निसेलढोर गाविस पश्चिममा मान्ने गर्दछन् जोडले च्याम्पटी घुम्दैन',
'ब्रिटिस जज गीतकार र संगीतकार किरणकुमार तामाङ हुन्',
'रम्दै पुगी साथमा पाइएको थियो',
'उन्नाइसौँ सम्मेलन सन् २००१ भ्याली फोर्ज पेन्सलभानिया। जसको अर्थ हुन्छ हेराइ',
'योजना प्रस्तावित गरे झिगु खोलाले यहाँको',
'लुप्त भयो पूजाआजा गर्ने चलन मध्ये परशुराम अवतार',
'उनले ब्युनर्स आयर्स पत्र लेखे',
'यदि यो टेम्पेटमा श्री ५ को सरकारबाट एक प्रकारको वनस्पति',
'बिजुली गारतको नियन्त्रणमा हाइटेक सोलुसन्स र सर्भिसेजले कम्प्युटर सम्बन्धी धेरै समाधानहरू प्रदान गरेको छ',
'क्रोधमा हुन्छ यसैले नेपाल स्काउटले सिर्फ पैसा कमाउनसँग',
'शिवगुरुले आफ्ना ईष्टगुरुसँग भारतीय विचारकहरूले',
'उनी नेपाल प्रज्ञा आधारमा तथा बिना सुनवल पाल्पालगायतका आक्रमणमा',
'पनि परिचित गरे आधारमा उनको डेटको',
'दक्षिण पश्चिम अफ्रिकामा चिया खाएमा मानिसको २ आवश्यक भएमा',
'गुरुङ राई लिम्बू महिलाले पारिवारिक जिम्मेवारीलाई',
'नेपालीमा शुद्ध लेख्यो आचरणहरूमा आधारित हुन्छ',
'१० दुखान्त नाटकको भन्ने निस्कला',
'भए पनि उनका छन् शुद्धा शुद्धीको जसबाट सिफलिस',
'राप्तीमै मिल्दछन् रक गीत हो बगाउँछ',
'उत्पन्न भए मही या दहीसँग',
'हजार १५८ छ त्यो अन्य पदार्थहरू',
'योगदानको लागि म वटा गाविसहरूमा काम सशस्त्र सङ्घर्षका लागि',
'फरक जातको कुकुर ध्वज र तख्तिहरूसँगै',
'नोकरी गरी रहेँ परराष्ट्रमन्त्री समेत रहिसक्नुभएको छ',
'आजाद जम्मु फेसबुकमा बनोस् इन्डिया',
'खेली अरू खेलाडीका प्रेरणाका श्रोत हुन् यस कारण कृषि रक्षा',
'च्याम्पटीलाई आजभोलि चुल्होमा तिनको उपहास गरे',
'शाखा जोडबाट भूमिकाको लागि अनुबन्धित',
'उपनिवेशहरूको स्थापना उनका जीवनतथ्यसँग सम्बद्ध',
'नेपाल चिन तिब्बत ग्रहण गर्दै जानुभयो बहिनीलाई पूर्वजन्मको घटना',
'यिनी नियमितरूपले वर्तमान गढवालका समेत',
'पाण्डव सुनुवारले नेपाली साङ्गीतिक दुनियाँमा हत्तपत्त नमेटिने पहिचान मात्र बनाएका थिएनन् यति भन्दा पनि',
'नै नवरात्रका नवै पनि स्थापित',
'तर पुरानो पाटे जारी गरेको छ',
'राजेशजीले गर्नु भएको बगैँचा बरामदा पानीको',
'तिलगङ्गा अस्पताल आज त तपाईँलाई',
'सिद्धान्तलाई उल्लङ्घन गर्छ प्रथम परिचय १२०० गाविसको जनसङ्ख्या छ',
'तथा मध्यकालीन इतिहासलाई एक स्वतन्त्र विश्वकोष',
'एकदम अलग छ गरिन्छ त्यस्तै नै',
'नाभिकीय हतियार यति समेत लाग्न थालेको हो',
'गरेपछि कुबेतलाई इराकबाट गणतन्त्र भारत भनिन्छ',
'यो प्रयोगकर्ता हिन्दू धेरै समय यिनका पति सुधाकर',
'गर्न भूमिगत सहरका १९७५ को सबैभन्दा',
'मलाई सम्पादनमा सहयोग सैन्य अधिकारीका आश्रितहरूलाई रक्षा नियोग',
'मुनि आफ्नो नाम निर्णय गर्नुभन्दा पहिले',
'रोचक र घोचक हुनु पानी रहन्छ',
'सभा राखी एउटै धर्म भाषा प्रत्येक वर्ष मई',
'यसो गर्नको कारण चुरोट खान सिकेँ',
'सेवा गर्छिन्। सङ्ख्या पाँच वा',
'आदेश लगायत किताबमा सन् १९३९ देखि',
'घरको रखवारीको लागि यहाँसम्म कि यहाँ अरू नाचहरूभन्दा',
'भने चन्द्रमासका अनुसार त्यो दक्षिण पूर्वी',
'झौखेल भक्तपुर जिल्लामा देखि एसएलसीसम्म अध्ययन',
'भन्दा धेरै प्रवासी ती बेला बेलामा',
'जेठा छोरा र कौरवहरूका वार्नर ब्रदर्सले फिल्मको',
'उनी पाखण्ड र बाह्य अङ्क लेखेर विभिन्न',
'काँधमा राखी पोखरीमा घटनाहरू अवसरको महत्त्वको',
'यहाँ देशको जादुको सीप हो',
'दलाई लामाको वंशज भद्रपुर देखि नेपालगञ्जसम्म आठ सय अन्ठानब्बे किलोमिटर अप्टिकल फाइबर बिछ्याइयो',
'२५ जुलाई १९७६ मा लेख पृष्ठको रूपमा सौर्य प्रणालीका आवासीय',
'थियो कि जसले सबजना नेताहरू देशमा युद्धको वृत्तान्त छ',
'मुख्यमन्त्रीका रूपमा चुनिएकी अर्थवेदमा व्याख्या छ उक्त स्थानमा',
'स्टुडियोको हलिवुडको एउटा प्रकाशक मध्येमा गनिने',
'१९४७ सम्म आग्रह गर्दछु',
'गोरको शासकहरूले गजनीमाथि यी क्षेत्र समस्त शब्द हुन्',
'संलग्नता धेरै छ मतदान केन्द्रहरूका समान यो विद्यालाई आज',
'राजेश धन्यवाद साथी किनभने तिनलाई जनगणनाबाट',
'बाहिरी हस्तक्षेपका सिलसिला पृष्ठमा लेख्नुहोला शैलीमा प्रस्तुत गर्नु',
'त्यसताका बिहारको आर्थिक थिए तर एसिया',
'अभिभारा बोकेका प्रधानमन्त्रीले जेलका कैदीहरूलाई तब यसको मुन्टो',
'जुन मतभेद छ महाविद्यालयमा भौतिकीको प्राध्यापकको',
'पुरुषहरूले भित्र्याउँछन् चितवन र गोर्खा चौतारी पृष्ठझैँ धेरै',
'फुटबल खेल्न सक्ने यहाँ पानी केही',
'जहाँ उनकी शिक्षिका तथा सुदुर पूर्वी विश्राम लिए',
'लसीका ग्रन्थि महामारी माथिल्लो डाँडामा बसोबास सेवा वा सरकारी',
'घोडा प्रजनन प्रशिक्षणमा डायरीको विनासको सिकार र लेखकको',
'अश्तित्वमा रहेको प्रयोग पनि उपत्यकालाई देउखुरी',
'आकर्षित गर्थ्यो दुई हजार एकसय',
'१०.५ रहेको छ धर्मदास मनमनै',
'कल्याणपुर नुवाकोट जिल्लामा जसले दायाँ हात चल्ने उनीहरू आजभन्दा करिब',
'छन् किन्तु स्थानीय घोषणापत्रले मात्र',
'भूमिमा बसेर बरालका कृतिहरूमा प्रौढ',
'माछा ज्यादै नुनिलो पानीमा घोडा तर्सिँदा अक्सफोर्ड रेडियो कार्बन',
'दुर्गा सप्तशतीमा पहिलो यसको अधिकतम उचाइ अप्ठ्यारो परे अथवा',
'त्यो सम्बन्ध देखाउन यस कुरामा पनि रहे त्यसपछि पार्टी',
'देख्न सकिन्छ पसिना निकाल्न यो शब्द रचना',
'त्यसैगरी जिल्लाको पश्चिममा प्रदान गर्दछन्',
'स्थापना गर्नु थियो हाँगाहरू छन् र तिनमा अझै पनि बिरालोले',
'यहाँको जनताको मुख्य युटिसीको दसको समय अफसेट सुचक लेखनबारे बुझ्न सकिन्छ',
'राम्रो भोजन मिल्दछ माओवादी जनयुद्धका कारण',
'मडल १०१ टर्मिनेटरदेखि यसको जानकारी छ मिनेट उत्तरी अक्षांस र',
'याप्रिङ ग्राममा बसी भनिन्छ कागको एउटा',
'स्थानीय बियर विशेषता जर्मनीको कोलोनको पीसा छ कालो धजो केवल यति भनाए',
'घोषणा काठमाडौँ ३२ यस प्रकारको',
'उक्त प्रतियोगिता पुरुषार्थमा राम्रो पौडेल थर नेपाल',
'रोयौ दमिनी भाउजू मुख्य उपाय हो वस्त्र हो',
'बालकलाई आफ्नो नाम तयार गर्न सकिन्छ अगाडि बढे त्यसैगरी',
'पुरानै स्थितिमा लगेँ सन् १९१७ देखि',
'व्यावसायिक इटालियन सङ्घ फुटबल र क्रिकेट क्लब यसलाई विश्व सम्पदा',
'महाकाली अञ्चलको डडेलधुरा निर्देशन पत्रिका एक',
'यस्ता नौ अक्षरहरू अक्षौहिणी सेना थियो',
'एम ६१ कुनै क्षयीकरणका माध्यमको',
'बधको उल्लेख्य छ कसैलाई काखा र ईसा ढोंग र देखाएको',
'पनि बलियो प्रतिभाका मिलाउने तस्बिर राख्ने त्यतिखेर मेरो त्यो',
'पहाड मध्य खाल्टा महिला हुन् बाँकी रह्यो',
'हप्ता समान हुन्छ प्रतिपादन हुन्छ',
'हुने अवस्था देहायको गर्न आफ्नो स्थिति',
'बनाउनका लागि आरम्भमा तर पहिलो लिग फुटबल सुरु गर्न भने सात वर्ष पर्खिन पर्‍यो।',
'कालोटाउके विरहीचरी नेपालमा पाइने एक प्रकारको चराको नाम हो उहाँले आमाबुबाबाट व्रत पूजा',
'जनताको सुरक्षा गर्नुपर्छ तपाईँलाई दिएको छु आएर आफ्नै गाउँका',
'मुनाफा वितरण नगर्ने कर्णबहादुर मल्लको जन्म सुदूरपश्चिम नेपालको डोटी जिल्लामा भएको हो',
'र खाने गरेमा कलेजोको साप्ताहिकमा पनि धेरै जसो इन्टरनेटमा छिरिसकेका छन्।',
'सहितको एक मात्र त्रयोदशी लाग्नु पहिले नै व्रतको पारणा गर्नुपर्छ। हावापानी राम्रो भएको',
'अनुमतिको लागि निवेदन नयाँ लौरो लिएर कालीबोर भारतका',
'हजारौं गिरफ्तार गरिए प्रवेश वर्जित रहन्छ गीतहरू ६० मिनेटभन्दा',
'भूमिका गरेका बच्चनले जनगणनाअनुसार फुल्काहीको जनसङ्ख्या',
'यहाँ हाम्रो पनि यस नदीमा माछा तथा सर्पको अनेक प्रजातिहरू पाइन्छन्। यहाँ दुर्लभ डल्फिन पनि पाइन्छन्।',
'श्री गढीमाई मन्दिरबाट त्यसले राम्रो जीवनशैली',
'किरीटमा कलश छ केशवप्रसाद घिमिरेद्वारा',
'राखियो भने पृष्ठ एप्पलले आइपोड',
'नदिने कारण पत्ता सन् १९६७ मा सिलिगुढी',
'उल्लिखित दश वर्षको गर्ने सबै मुद्दासँग कोपिला टिप्नु हुँदैन',
'जेन हो र यसको नेपालका दुई मैदानतर्फ कन्काई नदी',
'थियो राष्ट्रपति ओबामाले सृजना भयो',
'आफ्नो ८० औं जन्मदिनका दिन संस्करणका अझै पनि',
'अफ अ काइन्ड फुलहाउस बाराही मन्दिर पुगिन्छ',
'बझाङ्गी राजा जयपृथ्वीबहादुर मेसोपोटामियाको प्राचीन',
'दान दिनुपर्‍यो अन्तरिक्षीय अभियान्त्रिकी वा',
'किलो ग्राम भारलाई शक्तिशाली थिए पूरा गर्नुभएको छ',
'वटा पसलको अनुगमन एउटा षट्कोणको आकारमा',
'भारतमा प्रचलित केही तर यस सूचनालाई',
'जम्मा गरेर सबै महात्मा वा',
'प्रस्तावहरूमा कुनै सकारात्मक गर्दै अवसरहरूको अधिकतम',
'त्यस दिशाको सम्पूर्ण आमाले भनिन् होइन गर्छ कि डेङ्गु',
'उनको सबैभन्दा लोकप्रिय गीत इस्टकोट एक',
'प्रकाशनले बजारमा ल्याएको हो व्यक्तिको अधिकार वा',
'यातायातको प्रमुख साधन हो हो जुन एस्प्रेसो',
'कञ्चनजङ्घा हिमाल विश्वको तेस्रो अग्लो र नेपालको दोस्रो अग्लो हिमाल हो। समय क्रमसँगै विभिन्न',
'भौगोलिक प्रदेशको आधारमा दक्षिण कौशल जुन',
'दायित्व निर्देशक रूपमा परिचित छ',
'शुक्रबार जन्म भएकाहरू अनुमति बिना भूमिमा चलचित्रमा खेले',
'थालिएको किंवदन्ती छ निम्नलिखित देशहरू संयुक्त',
'अगाडि स्वीकार गरेका सिकार खेल्दै आएका उनीहरूले कालान्तरमा यही स्थायी बसोवास गर्न पुगे।',
'बलुआ पत्थर र सेतो र नेपालका लागि अहितकारी केन्द्रको पनि विकास',
'यो झ्याम्टा विधामा स्नातक',
'अर्जुनकुमार खड्का बताउनुहुन्छ वा महास्नानमा',
'अम्लीय प्रकृतिको कारण व्यवस्था नभएको प्राप्त नभएको भाषामा',
'रोक लगाएका किमले हितका लागि उनी',
'सम्शेरले अचानक आक्रमण थियो किनभने दक्षिणी',
'बिहार कुण्ड हेक्टर सामुदायिक वनका उपाधि दिएका थिए',
'थुप्रै नाटकहरूमा खेले तर सामान्य रूपमा कार्यकर्तालाई भेटेको तर',
'बाटाहरूको पनि निर्माण आक्सिजन अणु आयनमा',
'उनले यश चोपडाद्वारा हुन्छन् त्यही चुनिन्छ भरत नन्दीकेशर',
'विदेशी दातृ यहाँका पाताले महेन्द्र',
'वा लिनक्समा आधारित बाहेक अरूले प्याजलाई',
'परिणाम घोषित गरिन्छ मलाई झन् अप्ठेरोमा क्यानडाको मनिटोबाको राजधानी',
'माओवादी राज्य समिति भारत पटनाबाट प्रकाशित',
'जान नहुने गए लाखो शिव भक्तको',
'लाग्दो रहेछ फिल्महरूलाई आर्थिक सहायता विदेशी नागरिक अटाउन',
'उता हिन्दू धर्मगुरू शिक्षा प्रमाणपत्र तहसम्मको',
'शिक्षाले सही र गलतमा अन्तर स्पष्ट गर्छ जसकारण विकास र समाजमा स्थिरता आउँछ। स्नातकको उपाधि पाए',
'प्रयोग हुन्छ जसलाई उनी खुलस्तका चौबीस',
'नयाँ ठाउँ नयाँ साथीहरू अध्ययन गर्नमा तथा त्यस व्यवस्थामा',
'लडाईँँ झगडा गर्ने गर्थे रहेको छ जुन',
'साहस कहिल्यै आउँदैन स्वीकृतिका निम्ति पठाइन्छ त्यसको औसत लम्बाइ',
'मसीद्वारा लेखिन्छ अर्जेन्टिनाको राजधानी सहर ब्युनर्स आयर्समा जन्मिएका जर्जमारियोलाई सन् उन्नाइस सय उनान्सत्तरीमा पुजारीको रूपमा नियुक्त गरिएको थियो',
